Article_Code,EAN,Description,Category,SubCategory,Product_Range,Shade,Size,Brand,HSN,Tax
ABH01-00012,689304000123,ABH Highlighter - Iced Out,Face Makeup,Highlighter,Highlighter,Iced Out,11 gm,Anastasia Beverly hills,33049110,18
ABH01-18175,689304181754,Norvina Eyeshadow Palette,Eye,Eye shadow Palette,Norvina Eyeshadow Palette,Multi-Color,9.94 gm,Anastasia Beverly hills,33042000,18
ABH01-18187,689304181877,Soft Glam II Mini Eyeshadow Palette,Eye,Eye shadow Palette,Mini Soft Glam,Multi-Color,6.4 gm,Anastasia Beverly hills,33042000,18
ABH01-29111,689304291118,Lip Gloss -Caramel,Lips,Lip Gloss,Lip Gloss ,Caramel,4.5 gm,Anastasia Beverly hills,33041000,18
ABH01-33501,689305335019,Lip Stain Shade-Dusty Rose,Lips,Lip Stain ,Lip Stain ,Dusty Rose,0.8 ml,Anastasia Beverly hills,33041000,18
ABH01-33502,689304335027,Lip Stain Shade-Black Cherry,Lips,Lip Stain ,Lip Stain ,Black Cherry,0.8 ml,Anastasia Beverly hills,33041000,18
ABH01-29020,689304290203,Lip Gloss -Vintage,Lips,Lip Gloss,Lip Gloss ,Vintage,4.5 gm,Anastasia Beverly hills,33041000,18
ABH01-18158,689304181587,Sun Dipped Glow Kit-Multi-Color,Face Makeup,Highlighter,Sun Dipped Glow Kit,Multi,29.6 gm,Anastasia Beverly hills,33049110,18
ABH01-05105,689304051057,Dipbrow Pomade-Ebony,Eye,Eyebrow,DipBrow Pomade ,Ebony,4 gm,Anastasia Beverly hills,33042000,18
ABH01-18164,689304181648,Sugar Glow Kit-Multi-Color,Face Makeup,Highlighter,Sugar Glow Kit,Multi,29.6 gm,Anastasia Beverly hills,33049110,18
ABH01-29129,689304291293,Lip Gloss -Freya,Lips,Lip Gloss,Lip Gloss ,Freya,4.5 gm,Anastasia Beverly hills,33041000,18
ABH01-05104,689304051040,DipBrow Pomade -Dark Brown,Eye,Eyebrow,DipBrow Pomade ,Dark Brown,4 gm,Anastasia Beverly hills,33042000,18
ABH01-01120,689304011204,Mini Dipbrow Gel -Dark Brown,Eye,Eyebrow,Mini Dipbrow Gel ,Dark Brown,2.2 gm,Anastasia Beverly hills,33042000,18
ABH01-18174,689304181747,Soft Glam Palette-FG,Eye,Eye shadow Palette,Soft Glam Eyeshadow Palette,Multi-Color,10.36 gm,Anastasia Beverly hills,33042000,18
ABH01-14081,689304140812,Mascara-Black,Eye,Mascara,Mascara,Black,10 ml,Anastasia Beverly hills,33042000,18
ABH01-19192,689304191920,Pro Pencil-Base 2,Eye,Eyebrow,Pro Pencil,Base 2,2.48 gm,Anastasia Beverly hills,33042000,18
ABH01-36031,689304360319,Luminous Foundation -330W ,Face Makeup,Foundation,Luminous Foundation ,330W,30 ml,Anastasia Beverly hills,33049950,18
ABH01-18170,689304181709,Modern Renaissance Eyeshadow Palette-Multi-Color,Eye,Eye shadow Palette,Modern Renaissance Eyeshadow Palette,Multi-Color,9.8 gm,Anastasia Beverly hills,33042000,18
ABH01-04011,689304055307,Perfect Brow Pencil -Dark Brown,Eye,Eyebrow,Perfect Brow Pencil ,Dark Brown,0.95 gm,Anastasia Beverly hills,33042000,18
ABH01-36015,689304360159,Luminous Foundation -240N ,Face Makeup,Foundation,Luminous Foundation ,240N,30 ml,Anastasia Beverly hills,33049950,18
ABH01-33503,689304335034,Lip Stain Shade-Hot Pink,Lips,Lip Stain ,Lip Stain ,Hot Pink,0.8 ml,Anastasia Beverly hills,33041000,18
ABH01-19201,689304056885,Highlighting Duo Pencil -Matte Camille/Sand Shimmer,Eye,Eyebrow,Highlighting Duo Pencil ,Camille/Sand Shimmer,4.8 gm,Anastasia Beverly hills,33042000,18
ABH01-25000,689304250009,Loose Setting Powder -Translucent,Face Makeup,Setting Powder,Loose Setting Powder ,Translucent,25 gm,Anastasia Beverly hills,330491,5
ABH01-48501,689304485012,Setting Spray-Dewy Set Original-Mini,Face Makeup,Setting Spray,Dewy Set Setting Spray ,Clear,30 ml,Anastasia Beverly hills,33049950,18
ABH01-19191,689304191913,Pro Pencil-Base 1,Eye,Eyebrow,Pro Pencil,Base 1,2.48 gm,Anastasia Beverly hills,33042000,18
ABH01-33505,689304335058,Lip Stain Shade-Orchid,Lips,Lip Stain ,Lip Stain ,Orchid,0.8 ml,Anastasia Beverly hills,33041000,18
ABH01-18186,689304181907,Amrezy Palette 2020-Fg,Eye,Eye shadow Palette,Amrezy Palette,Multi-Color,0.75 gm,Anastasia Beverly hills,33049190,18
ABH01-33504,689304335041,Lip Stain Shade-Rosewood,Lips,Lip Stain ,Lip Stain ,Rosewood,0.8 ml,Anastasia Beverly hills,33041000,18
ABH01-19193,689304191937,Pro Pencil-Base 3,Eye,Eyebrow,Pro Pencil,Base 3,2.48 gm,Anastasia Beverly hills,33042000,18
ABH01-29025,689304290258,Lip Gloss -Metallic Rose,Lips,Lip Gloss,Lip Gloss ,Metallic Rose,4.5 gm,Anastasia Beverly hills,33041000,18
ABH01-01118,689304011181,Mini Dipbrow Gel -Medium Brown,Eye,Eyebrow,Mini Dipbrow Gel ,Medium Brown,2.2 gm,Anastasia Beverly hills,33042000,18
ABH01-56006,689304055161,Brow Powder Duo -Ebony,Eye,Eyebrow,Brow Powder Duo ,Ebony,1.6 gm,Anastasia Beverly hills,330491,5
ABH01-19203,689304192033,Mini Mascara-Black,Eye,Mascara,Mini Mascara,Black,5 ml,Anastasia Beverly hills,33042000,18
ABH01-29110,689304291101,Lip Gloss -St. Tropez,Lips,Lip Gloss,Lip Gloss ,St. Tropez,4.5 gm,Anastasia Beverly hills,33041000,18
ABH01-05108,689304051088,DipBrow Pomade -Soft Brown,Eye,Eyebrow,DipBrow Pomade ,Soft Brown,4 gm,Anastasia Beverly hills,33042000,18
ABH01-18459,689304184595,Contour Kit-Light,Face Makeup,Contour Kit ,Contour Powder Kit ,Light,18 gm,Anastasia Beverly hills,33049110,18
ABH01-04404,689304044042,Brow Definer-Ebony,Eye,Eyebrow,Brow Definer ,Ebony,0.2 gm,Anastasia Beverly hills,33042000,18
ABH01-25001,689304250016,Loose Setting Powder -Banana,Face Makeup,Setting Powder,Loose Setting Powder ,Banana,25 gm,Anastasia Beverly hills,330491,5
ABH01-28623A,689304286237,Brush A23,Accessories,Makeup Brush,Brush A23,A23,1 N,Anastasia Beverly hills,96033020,18
ABH01-29109,689304291095,Lip Gloss -Warm Bronze,Lips,Lip Gloss,Lip Gloss ,Warm Bronze,4.5 gm,Anastasia Beverly hills,33041000,18
ABH01-29045,689304290456,Lip Gloss -Gilded,Lips,Lip Gloss,Lip Gloss ,Gilded,4.5 gm,Anastasia Beverly hills,33041000,18
ABH01-36001,689304360012,Luminous Foundation -200W,Face Makeup,Foundation,Luminous Foundation ,200W,30 ml,Anastasia Beverly hills,33049950,18
ABH01-01123,689304011235,Dipbrow Gel -Soft Brown,Eye,Eyebrow,Dipbrow Gel ,Soft Brown,4.4 gm,Anastasia Beverly hills,33042000,18
ABH01-36038,689304360388,Luminous Foundation -150W ,Face Makeup,Foundation,Luminous Foundation ,150W,30 ml,Anastasia Beverly hills,33049950,18
ABH01-05110,689304051101,Dipbrow Pomade-Granite,Eye,Eyebrow,DipBrow Pomade ,Granite,4 gm,Anastasia Beverly hills,33042000,18
ABH01-36022,689304360227,Luminous Foundation -315N ,Face Makeup,Foundation,Luminous Foundation ,315N,30 ml,Anastasia Beverly hills,33049950,18
ABH01-21422,689304214223,Liquid Liner-True Black Matte,Eye,Eyeliner,Liquid Liner,Black,2.4 ml,Anastasia Beverly hills,33042000,18
ABH01-01126,689304011266,Dipbrow Gel -Dark Brown,Eye,Eyebrow,Dipbrow Gel ,Brown,4.4 gm,Anastasia Beverly hills,33042000,18
ABH01-15104,689304151047,Waterproof Crème Color -Jet Matte,Eye,Eyebrow,Waterproof Crème Color ,Black,4 gm,Anastasia Beverly hills,33042000,18
ABH01-01001,689304055314,Clear Brow Gel-Clear,Eye,Eyebrow,Clear Brow Gel,Clear,7.85 ml,Anastasia Beverly hills,33042000,18
ABH01-36039,689304360395,Luminous Foundation -355N ,Face Makeup,Foundation,Luminous Foundation ,355N,30 ml,Anastasia Beverly hills,33049950,18
ABH01-56009,689304560092,Brow Powder Duo -Soft Brown,Eye,Eyebrow,Brow Powder Duo ,Soft Brown,1.6 gm,Anastasia Beverly hills,330491,5
ABH01-36010,689304360104,Luminous Foundation-310C,Face Makeup,Foundation,Luminous Foundation ,310C,30 ml,Anastasia Beverly hills,33049950,18
ABH01-01103,689304011037,Brow Gel-Clear Mini International,Eye,Eyebrow,Mini Clear Brow Gel,Clear,2.5 ml,Anastasia Beverly hills,33042000,18
ABH01-36016,689304360166,Luminous Foundation-305N,Face Makeup,Foundation,Luminous Foundation ,305N,30 ml,Anastasia Beverly hills,33049950,18
ABH01-29117,689304291170,Lip Gloss-Moonjelly,Lips,Lip Gloss,Lip Gloss ,Moon Jelly,4.5 gm,Anastasia Beverly hills,33041000,18
ABH01-86006,689304860062,Brow Wiz-Granite,Eye,Eyebrow,Brow Wiz ,Granite,0.085 gm,Anastasia Beverly hills,33042000,18
ABH01-56007,689304560078,Brow Powder Duo-Granite,Eye,Eyebrow,Brow Powder Duo ,Granite,1.6 gm,Anastasia Beverly hills,330491,5
ABH01-36044,689304360449,Luminous Foundation -430W ,Face Makeup,Foundation,Luminous Foundation ,430W,30 ml,Anastasia Beverly hills,33049990,18
ABH01-86005,689304860055,Brow Wiz-Ebony,Eye,Eyebrow,Brow Wiz ,Ebony,0.085 gm,Anastasia Beverly hills,33042000,18
ABH01-05102,689304051026,DipBrow Pomade -Medium Brown,Eye,Eyebrow,DipBrow Pomade ,Medium Brown,4 gm,Anastasia Beverly hills,33042000,18
ABH01-36006,689304360067,Luminous Foundation -300C,Face Makeup,Foundation,Luminous Foundation ,300C,30 ml,Anastasia Beverly hills,33049950,18
ABH01-36014,689304360142,Luminous Foundation -340C,Face Makeup,Foundation,Luminous Foundation ,340C,30 ml,Anastasia Beverly hills,33049950,18
ABH01-36004,689304360043,Luminous Foundation-345C,Face Makeup,Foundation,Luminous Foundation ,345C,30 ml,Anastasia Beverly hills,33049950,18
ABH01-01128,689304011280,Dipbrow Gel-Granite,Eye,Eyebrow,Dipbrow Gel ,Granite,4.4 gm,Anastasia Beverly hills,33042000,18
ABH01-01127,689304011273,Dipbrow Gel-Ebony,Eye,Eyebrow,Dipbrow Gel ,Ebony,4.4 gm,Anastasia Beverly hills,33042000,18
ABH01-86001,689304077026,Brow Wiz-Taupe,Eye,Eyebrow,Brow Wiz ,Taupe,0.085 gm,Anastasia Beverly hills,33042000,18
ABH01-01125,689304011259,Dipbrow Gel -Medium Brown,Eye,Eyebrow,Dipbrow Gel ,Medium Brown,4.4 gm,Anastasia Beverly hills,33042000,18
ABH01-01130,689304011303,Dipbrow Gel -Chocolate,Eye,Eyebrow,Dipbrow Gel ,Chocolate,4.4 gm,Anastasia Beverly hills,33042000,18
ABH01-01131,689304011310,Dipbrow Gel -Ash Brown,Eye,Eyebrow,Dipbrow Gel ,Ash Brown,4.4 gm,Anastasia Beverly hills,33042000,18
ABH01-19202,689304056687,Highlighting Duo Pencil -Matte Shell/Lace Shimmer,Eye,Eyebrow,Highlighting Duo Pencil ,Shell/Lace Shimmer,4.8 gm,Anastasia Beverly hills,33042000,18
ABH01-28005,689304028103,Brush #15,Accessories,Makeup Brush,Brush #15,#15,5.6 gm,Anastasia Beverly hills,96033020,18
ABH01-28024,689304280242,Brush #20,Accessories,Makeup Brush,Brush #20, #20,5.6 gm,Anastasia Beverly hills,96033020,18
ABH01-28033,689304280334,BRUSH #12,Accessories,Makeup Brush,BRUSH #12,#12,1 N,Anastasia Beverly hills,96033090,18
ABH01-28114,689304281140,BRUSH #14,Accessories,Makeup Brush,Brush #14, #14,5.6 gm,Anastasia Beverly hills,96033020,18
ABH01-28630A,689304286305,Brush A30,Accessories,Makeup Brush,Brush A30,A30,1 N,Anastasia Beverly hills,96033090,18
ABH01-29104,689304291040,Lip Gloss -Tara,Lips,Lip Gloss,Lip Gloss ,Tara,4.5 gm,Anastasia Beverly hills,33041000,18
ABH01-36009,689304360098,Luminous Foundation -400N ,Face Makeup,Foundation,Luminous Foundation ,400N,30 ml,Anastasia Beverly hills,33049990,18
ABH01-36012,689304360128,Luminous Foundation -320N ,Face Makeup,Foundation,Luminous Foundation ,320N,30 ml,Anastasia Beverly hills,33049950,18
ABH01-56002,689304055123,Brow Powder Duo -Medium Brown,Eye,Eyebrow,Brow Powder Duo ,Medium Brown,1.6 gm,Anastasia Beverly hills,330491,5
ABH01-68001,689304055765,Brow Primer,Eye,Eyebrow,Brow Primer,Brown,2.55 gm,Anastasia Beverly hills,33042000,18
ABH01-86007,689304860079,Brow Wiz -Soft Brown,Eye,Eyebrow,Brow Wiz ,Soft Brown,0.085 gm,Anastasia Beverly hills,33042000,18
ABH01-86008,689304860086,Brow Wiz -Chocolate,Eye,Eyebrow,Brow Wiz ,Chocolate,0.085 gm,Anastasia Beverly hills,33042000,18
ABH01-01119,689304011198,Dipbrow Gel Mini-Ebony,Eye,Eyebrow,Mini Dipbrow Gel ,Ebony,2.2 gm,Anastasia Beverly hills,33042000,18
ABH01-04010,689304055772,Perfect Brow Pencil -Soft Brown,Eye,Eyebrow,Perfect Brow Pencil ,Soft Brown,0.95 gm,Anastasia Beverly hills,33042000,18
ABH01-04405,689304044059,Brow Definer-Granite,Eye,Eyebrow,Brow Definer ,Granite,0.2 gm,Anastasia Beverly hills,33042000,18
ABH01-04411,689304044110,Brow Definer-Ash Brown,Eye,Eyebrow,Brow Definer ,Ash Brown,0.2 gm,Anastasia Beverly hills,33042000,18
ABH01-05109,689304051095,Dipbrow Pomade-Taupe,Eye,Eyebrow,DipBrow Pomade ,Taupe,4 gm,Anastasia Beverly hills,33042000,18
ABH01-25002,689304250023,Loose Setting Powder-Vanilla-FG,Face Makeup,Setting Powder,Loose Setting Powder ,Vanilla,25 gm,Anastasia Beverly hills,330491,5
ABH01-29101,689304291019,Lip Gloss-Sepia,Lips,Lip Gloss,Lip Gloss ,Sepia,4.5 gm,Anastasia Beverly hills,33041000,18
ABH01-29103,689304291033,Lip Gloss-Kristen,Lips,Lip Gloss,Lip Gloss ,Kristen,4.5 gm,Anastasia Beverly hills,33041000,18
ABH01-29115,689304291156,Lip Gloss-Toffee,Lips,Lip Gloss,Lip Gloss ,Toffee,4.5 gm,Anastasia Beverly hills,33041000,18
ABH01-29116,689304291163,Lip Gloss-Parfait,Lips,Lip Gloss,Lip Gloss ,Parfait,4.5 gm,Anastasia Beverly hills,33041000,18
ABH01-29120,689304291200,Lip Gloss-Girly,Lips,Lip Gloss,Lip Gloss ,Girly,4.5 gm,Anastasia Beverly hills,33041000,18
ABH01-29124,689304291248,Lip Gloss-Venus,Lips,Lip Gloss,Lip Gloss ,Venus,4.5 gm,Anastasia Beverly hills,33041000,18
ABH01-29127,689304291279,Lip Gloss-Sunscape,Lips,Lip Gloss,Lip Gloss ,Sunscape,4.5 gm,Anastasia Beverly hills,33041000,18
ABH01-36008,689304360081,Luminous Foundation-360C,Face Makeup,Foundation,Luminous Foundation ,360C,30 ml,Anastasia Beverly hills,33049950,18
ABH01-36019,689304360197,Luminous Foundation-270C,Face Makeup,Foundation,Luminous Foundation ,270C,30 ml,Anastasia Beverly hills,33049950,18
ABH01-36020,689304360203,Luminous Foundation-250C,Face Makeup,Foundation,Luminous Foundation ,250C,30 ml,Anastasia Beverly hills,33049950,18
ABH01-36025,689304360258,Luminous Foundation-350C,Face Makeup,Foundation,Luminous Foundation ,350C,30 ml,Anastasia Beverly hills,33049990,18
ABH01-36026,689304360265,Luminous Foundation-500C,Face Makeup,Foundation,Luminous Foundation ,500C,30 ml,Anastasia Beverly hills,33049990,18
ABH01-36032,689304360326,Luminous Foundation-365C,Face Makeup,Foundation,Luminous Foundation ,365C,30 ml,Anastasia Beverly hills,33049990,18
ABH01-36034,689304360340,Luminous Foundation-220N,Face Makeup,Foundation,Luminous Foundation ,220N,30 ml,Anastasia Beverly hills,33049950,18
ABH01-36040,689304360401,Luminous Foundation-450C,Face Makeup,Foundation,Luminous Foundation ,450C,30 ml,Anastasia Beverly hills,33049990,18
ABH01-36047,689304360470,Luminous Foundation-230N,Face Makeup,Foundation,Luminous Foundation ,230N,30 ml,Anastasia Beverly hills,33049950,18
ABH01-86015,689304860154,Brow Wiz-Ash Brown,Eye,Eyebrow,Brow Wiz ,Ash Brown,0.085 gm,Anastasia Beverly hills,33042000,18
ABH01-04009,689304055079,Perfect Brow Pencil- Medium Brown,Eye,Eyebrow,Perfect Brow Pencil ,Medium Brown,0.95 gm,Anastasia Beverly hills,33042000,18
ABH01-36003,689304360036,Luminous Foundation - 210N,Face Makeup,Foundation,Luminous Foundation ,210N,30 ml,Anastasia Beverly hills,33049950,18
ABH01-86003,689304077033,Brow Wiz -Dark Brown,Eye,Eyebrow,Brow Wiz ,Dark Brown,0.085 gm,Anastasia Beverly hills,33042000,18
ABH01-04406,689304044066,Brow Definer -Medium Brown,Eye,Eyebrow,Brow Definer ,Medium Brown,0.2 gm,Anastasia Beverly hills,33042000,18
ABH01-04409,689304044097,Brow Definer -Dark Brown,Eye,Eyebrow,Brow Definer ,Dark Brown,0.2 gm,Anastasia Beverly hills,33042000,18
ABH01-86002,689304077057,Brow Wiz -Medium Brown,Eye,Eyebrow,Brow Wiz ,Medium Brown,0.085 gm,Anastasia Beverly hills,33042000,18
ABH01-05100,689304051002,DipBrow Pomade -Ash Brown,Eye,Eyebrow,DipBrow Pomade ,Ash Brown,4 gm,Anastasia Beverly hills,33042000,18
ABH01-36036,689304360364,Luminous Foundation -335W,Face Makeup,Foundation,Luminous Foundation ,335W,30 ml,Anastasia Beverly hills,33049950,18
ABH01-36033,689304360333,Luminous Foundation -370W ,Face Makeup,Foundation,Luminous Foundation ,370W,30 ml,Anastasia Beverly hills,33049950,18
ABH01-56000,689304560009,Brow Powder Duo -Chocolate,Eye,Eyebrow,Brow Powder Duo ,Chocolate,1.6 gm,Anastasia Beverly hills,330491,5
ABH01-56004,689304055147,Brow Powder Duo -Dark Brown,Eye,Eyebrow,Brow Powder Duo ,Dark Brown,1.6 gm,Anastasia Beverly hills,330491,5
ABH01-04408,689304044080,Brow Definer -Chocolate,Eye,Eyebrow,Brow Definer ,Chocolate,0.2 gm,Anastasia Beverly hills,33042000,18
ABH01-48402,689304484022,Shimmer Body Oil,Body,Body Oil,Shimmer Body Oil,Natural,45 ml,Anastasia Beverly hills,33049990,18
ABH01-28016,689304280167,Brush #7B,Accessories,Makeup Brush,Brush #7B,#7B,1 N,Anastasia Beverly hills,96033090,18
ABH01-05107,689304051071,DipBrow Pomade -Chocolate,Eye,Eyebrow,DipBrow Pomade ,Chocolate,4 gm,Anastasia Beverly hills,33042000,18
ABH01-48400,689304484008,Dewy Set Setting Spray,Face Makeup,Setting Spray,Dewy Set Setting Spray ,Clear,100 ml,Anastasia Beverly hills,33049950,18
ABH01-09002,689304055031,Tweezers,Accessories,Tweezers,Tweezers,Black,1 N,Anastasia Beverly hills,96033020,18
ABH01-04407,689304044073,Brow Definer -Soft Brown,Eye,Eyebrow,Brow Definer ,Soft Brown,0.2 gm,Anastasia Beverly hills,33042000,18
ABH01-01117,689304011174,Mini Dipbrow Gel -Soft Brown,Eye,Eyebrow,Mini Dipbrow Gel ,Soft Brown,2.2 gm,Anastasia Beverly hills,33042000,18
ABH01-18112,689304181129,Eye Brag Kit - International,Eye,Mascara,Value Kit,Black,12.4 ml,Anastasia Beverly hills,33042000,18
ABH01-04016,689304040167,Brow Pen - Dark Brown,Eye,Eyebrow,Brow Pen,Dark Brown,0.5 ml,Anastasia Beverly hills,33042000,18
ABH01-04019,689304040198,Brow Pen - Ebony,Eye,Eyebrow,Brow Pen,Ebony,0.5 ml,Anastasia Beverly hills,33042000,18
ABH01-11002,689304110020,Mini Eye Primer,Eye,Eyebrow,Eye Primer,Brown,7 ml,Anastasia Beverly hills,33042000,18
ABH01-18188,689304181884,Face Palette V1 - Italian Summer,Face Makeup,Face Palette,Face Palette (wn),Italian Summer,17.6 gm,Anastasia Beverly hills,33049110,18
ABH01-18189,689304181891,Face Palette V2 - Off To Costa Rica,Face Makeup,Face Palette,Face Palette (wn),Off To Costa Rica,17.6 gm,Anastasia Beverly hills,33049110,18
ABH01-18203,689304180931,Perfect Your Brows Kit - Medium Brown,Eye,Eyebrow,Value Kit,Medium Brown,2.28 gm,Anastasia Beverly hills,33042000,18
ABH01-18230,689304182300,Lipgloss - Crystal,Lips,Lip Gloss,Lip Gloss ,Transparent,4.8 ml,Anastasia Beverly hills,33049110,18
ABH01-18231,689304182317,Lipgloss - Diamond,Lips,Lip Gloss,Lip Gloss ,Nude,4.8 ml,Anastasia Beverly hills,33041000,18
ABH01-27206,689304272063,Powder Bronzer - Saddle,Face Makeup,Contour Kit ,Powder Bronzer,Saddle,10 gm,Anastasia Beverly hills,330491,5
ABH01-32191,689304321914,Lip Primer,Lips,Lip Primer,Lip Primer,Brown,4.5 gm,Anastasia Beverly hills,33049920,18
ABH01-34842,689304348423,Brow Freeze,Eye,Eyebrow,Brow Freeze,Transparent,8 gm,Anastasia Beverly hills,33042000,18
ABH01-36527,689304365277,Liquid Glow - Rose Gold,Face Makeup,Highlighter,Liquid Glow,Rose Gold,20 ml,Anastasia Beverly hills,33049920,18
ABH01-28214,689304282147,Brush #14 - Dual Ended Firm Detail Brush,Accessories,Makeup Brush,BRUSH #14, #14,5.6 gm,Anastasia Beverly hills,96033020,18
ABH01-01101,689304011013,Mini Clear Brow Gel,Eye,Eyebrow,Mini Clear Brow Gel,Clear,2.5 ml,Anastasia Beverly hills,33042000,18
ABH01-04018,689304040181,Brow Pen - Chocolate,Eye,Eyebrow,Brow Pen,Chocolate,0.5 ml,Anastasia Beverly hills,33042000,18
ABH01-56020,689304560207,Brow Powder Duo - Ash Brown ,Eye,Eyebrow,Brow Powder Duo ,Ash Brown,1.6 gm,Anastasia Beverly hills,330491,5
ABH01-86009,689304860093,Brow Wiz - Auburn ,Eye,Eyebrow,Brow Wiz ,Auburn,0.085 gm,Anastasia Beverly hills,33042000,18
ABH01-04007,689304055666,Perfect Brow Pencil - Blonde,Eye,Eyebrow,Perfect Brow Pencil ,Blonde,0.95 gm,Anastasia Beverly hills,33042000,18
ABH01-04012,689304055888,Perfect Brow Pencil - Caramel,Eye,Eyebrow,Perfect Brow Pencil ,Caramel,0.95 gm,Anastasia Beverly hills,33042000,18
ABH01-36024,689304360241,Luminous Foundation - 130N ,Face Makeup,Foundation,Luminous Foundation ,130N,30 ml,Anastasia Beverly hills,33049990,18
ABH01-36007,689304360074,Luminous Foundation - 290C,Face Makeup,Foundation,Luminous Foundation ,290C,30 ml,Anastasia Beverly hills,33049990,18
ABH01-48311,689304048316,Hydrating Oil ,Face Makeup,Hydrating Oil,Hydrating Oil,Transparent,30 ml,Anastasia Beverly hills,33049990,18
ABH01-25003,689304250030,Loose Setting Powder - Deep Peach,Face Makeup,Setting Powder,Loose Setting Powder ,Deep Peach,25 gm,Anastasia Beverly hills,330491,5
ABH01-27204,689304272049,Powder Bronzer-Rich Amber,Face Makeup,Contour Kit ,Powder Bronzer,Rich Amber,10 gm,Anastasia Beverly hills,330491,5
ABH01-04020,689304040204,Brow Pen - Granite,Eye,Eyebrow,Brow Pen,Granite,0.5 ml,Anastasia Beverly hills,33042000,18
ABH01-04021,689304040211,Brow Pen - Soft Brown,Eye,Eyebrow,Brow Pen,Soft Brown,0.5 ml,Anastasia Beverly hills,33042000,18
ABH01-04041,689304040419,Perfect Brow Pencil-Granite,Eye,Eyebrow,Perfect Brow Pencil ,Granite,0.95 gm,Anastasia Beverly hills,33042000,18
ABH01-05103,689304051033,Dipbrow Pomade-Caramel,Eye,Eyebrow,DipBrow Pomade ,Caramel,4 gm,Anastasia Beverly hills,33042000,18
ABH01-05106,689304051064,Dipbrow Pomade-Auburn,Eye,Eyebrow,DipBrow Pomade ,Aurburn,4 gm,Anastasia Beverly hills,33042000,18
ABH01-04017,689304040174,Brow Pen - Medium Brown,Eye,Eyebrow,Brow Pen,Medium Brown,0.5 ml,Anastasia Beverly hills,33042000,18
ABH01-25005,689304250054,Loose Setting Powder-Mini-Translucent,Face Makeup,Setting Powder,Loose Setting Powder ,Translucent,6 gm,Anastasia Beverly hills,330491,5
ABH01-18129,689304181297,Natural + Polished Starter Kit - Medium Brown,Eye,Eyebrow,Value Kit,Medium Brown,5.4 gm,Anastasia Beverly hills,33042000,18
ABH01-18130,689304181303,Natural + Polished Starter Kit - Dark Brown,Eye,Eyebrow,Value Kit,Dark Brown,5.4 gm,Anastasia Beverly hills,33042000,18
ABH01-33050,689304330503,Matte Lipstick - Velvet,Lips,Lipstick,Matte Lipstick,Velvet,3 gm,Anastasia Beverly hills,33041000,18
ABH01-33052,689304330527,Satin Lipstick - Butterscotch,Lips,Lipstick,Satin Lipstick ,Butterscotch,3 gm,Anastasia Beverly hills,33041000,18
ABH01-33053,689304330534,Satin Lipstick - Praline,Lips,Lipstick,Satin Lipstick ,Praline,3 gm,Anastasia Beverly hills,33041000,18
ABH01-33051,689304330510,Satin Lipstick - Tease,Lips,Lipstick,Satin Lipstick ,Tease,3 gm,Anastasia Beverly hills,33041000,18
ABH01-36606,689304366069,Cream Bronzer - Sun Kissed,Face Makeup,Bronzer,Cream Bronzer,Sun Kissed,30 gm,Anastasia Beverly hills,33049110,18
ABH01-18648,689304186483,Stick Blush - Latte,Face Makeup,Blush,Stick Blush,Latte,8 gm,Anastasia Beverly hills,33049950,18
ABH01-18650,689304186506,Stick Blush - Soft Rose,Face Makeup,Blush,Stick Blush,Soft Rose,8 gm,Anastasia Beverly hills,33049950,18
ABH01-18651,689304186513,Stick Blush - Pink Dahlia,Face Makeup,Blush,Stick Blush,Pink Dahlia,8 gm,Anastasia Beverly hills,33049950,18
ABH01-18658,689304186582,Stick Blush - Peach Caramel,Face Makeup,Blush,Stick Blush,Peach Caramel,8 gm,Anastasia Beverly hills,33049950,18
ABH01-18621,689304186216,Stick Highlighter - Iced Out,Face Makeup,Highlighter,Stick Highlighter,Iced Out,8 gm,Anastasia Beverly hills,33049950,18
ABH01-18622,689304186223,Stick Highlighter - Pink Diamond,Face Makeup,Highlighter,Stick Highlighter,Pink Diamond,8 gm,Anastasia Beverly hills,33049950,18
ABH01-18623,689304186230,Stick Highlighter - Dripping in Gold,Face Makeup,Highlighter,Stick Highlighter,Dripping in Gold,8 gm,Anastasia Beverly hills,33049950,18
ABH01-18625,689304186254,Stick Highlighter - Bubbly,Face Makeup,Highlighter,Stick Highlighter,Bubbly,8 gm,Anastasia Beverly hills,33049950,18
ABH01-36107,689304361071,Foundation Packette Sampler Card 355N,GWP,GWP,GWP,Multi-Color,1 N,Anastasia Beverly hills,33049990,18
ABH85-60009,600304500001,Anastasia Compact Mirror,GWP,GWP,GWP,Black,1 N,Anastasia Beverly hills,70099200,18
ABH01-36106,689304361064,Foundation Packette Sampler Card 220N,GWP,GWP,GWP,Multi-Color,1 N,Anastasia Beverly hills,33049990,18
ABH99-50013,689304500135,Anastasia Large Zipper Pouch - Pink Patent PU,GWP,GWP,GWP,Pink,1 N,Anastasia Beverly hills,42022290,18
ABH99-50014,689304500142,Anastasia Zipper Pouch - Clear PVC/Gold Trim,GWP,GWP,GWP,Gold Trim,1 N,Anastasia Beverly hills,42022290,18
ABH99-50015,689304500159,Anastasia PU Pouch - Black ,GWP,GWP,GWP,Black,1 N,Anastasia Beverly hills,42022290,18
ABH01-01114,689304011143,Dipbrow Gel Mini Mini - Ebony,GWP,GWP,GWP,Ebony,1.134 gm,Anastasia Beverly hills,33042000,18
ABH01-04416,689304044165,Mini Brow Definer Soft Brown (Deluxe),GWP,GWP,GWP,Soft Brown,0.0992 gm,Anastasia Beverly hills,33042000,18
ABH01-01113,689304011136,Dipbrow Gel Mini Mini -Medium Brown,GWP,GWP,GWP,Medium Brown,1.134 gm,Anastasia Beverly hills,33042000,18
ABH01-01115,689304011150,Dipbrow Gel Mini Mini - Dark Brown,GWP,GWP,GWP,Dark Brown,1.134 gm,Anastasia Beverly hills,33042000,18
ABH01-04414,689304044141,Mini Brow Definer Medium Brown (Deluxe),GWP,GWP,GWP,Medium Brown,0.0992 gm,Anastasia Beverly hills,33042000,18
ABH01-04415,689304044158,Mini Brow Definer Dark Brown (Deluxe),GWP,GWP,GWP,Dark Brown,0.0992 gm,Anastasia Beverly hills,33042000,18
ABH01-04417,689304044172,Mini Brow Definer Ebony (Deluxe),GWP,GWP,GWP,Ebony,0.0992 gm,Anastasia Beverly hills,33042000,18
ABH01-86020,689304860208,Mini Brow Wiz Taupe (Deluxe) ,GWP,GWP,GWP,Taupe,0.0283 gm,Anastasia Beverly hills,33042000,18
ABH01-86021,689304860215,Mini Brow Wiz Medium Brown (Deluxe) ,GWP,GWP,GWP,Medium Brown,0.0283 gm,Anastasia Beverly hills,33042000,18
ABH01-86022,689304860222,Mini Brow Wiz Dark Brown (Deluxe) ,GWP,GWP,GWP,Dark Brown,0.0283 gm,Anastasia Beverly hills,33042000,18
ABH01-86023,689304860239,Mini Brow Wiz Soft Brown (Deluxe) ,GWP,GWP,GWP,Soft Brown,0.0283 gm,Anastasia Beverly hills,33042000,18
ABH01-86024,689304860246,Mini Brow Wiz Ebony (Deluxe) ,GWP,GWP,GWP,Ebony,0.0283 gm,Anastasia Beverly hills,33042000,18
ABH01-29322,689304293228,Lip Gloss - Toffee Mini,GWP,GWP,GWP,Toffe,3.1 ml,Anastasia Beverly hills,33041000,18
ABH02-29199,689304291998,Lip Gloss - Parfait Mini,GWP,GWP,GWP,Parfait,3.1 ml,Anastasia Beverly hills,33041000,18
ABH85-18901,689304189019,Mascara Tester Wand-50 pack,GWP,GWP,GWP,Black,1 N,Anastasia Beverly hills,96033020,18
ABH85-60010,689304600101,Anastasia Beauty Sponge,GWP,GWP,GWP,Black,1 N,Anastasia Beverly hills,96162000,18
ABH85-11005,689304110051,Stencil - Petite & Medium Arch,GWP,GWP,GWP,Black,1 N,Anastasia Beverly hills,96032900,18
ABH85-11006,689304110068,Stencil - High & Full Arch,GWP,GWP,GWP,Black,1 N,Anastasia Beverly hills,96032900,18
ABH01-19204,689304192040,Volumizing Mascara - Sample Size,GWP,GWP,GWP,Black,2.5 ml,Anastasia Beverly hills,33042000,18
ABH01-00077,689304000772,Norvina Pro Palette Vol. 5 - Lilac (25-well),Eye,Eye shadow Palette,Norvina Pro Pigment Palette Vol. 5,Multi-Color,45 gm,Anastasia Beverly hills,33049110,18
ABH01-04401,689304044011,Brow Definer-Taupe,Eye,Eyebrow,Brow Definer ,Taupe,0.2 gm,Anastasia Beverly hills,33042000,18
ABH01-36011,689304360111,Luminous Foundation - 140N,Face Makeup,Foundation,Luminous Foundation ,140N,30 ml,Anastasia Beverly hills,33049950,18
ABH01-36021,689304360210,Luminous Foundation - 332C,Face Makeup,Foundation,Luminous Foundation ,332C,30 ml,Anastasia Beverly hills,33049950,18
ABH01-36027,689304360272,Luminous Foundation - 510W,Face Makeup,Foundation,Luminous Foundation ,510W,30 ml,Anastasia Beverly hills,33049950,18
ABH01-36030,689304360302,Luminous Foundation - 110C,Face Makeup,Foundation,Luminous Foundation ,110C,30 ml,Anastasia Beverly hills,33049950,18
ABH01-36041,689304360418,Luminous Foundation - 160C,Face Makeup,Foundation,Luminous Foundation ,160C,30 ml,Anastasia Beverly hills,33049950,18
ABH01-10127,689304101271,Magic Touch Concealer Shade-8,Face Makeup,Concealer,Magic Touch Concealer,Shade-8,12 ml,Anastasia Beverly hills,33049950,18
ABH01-36607,689304366076,Cream Bronzer -Amber ,Face Makeup,Bronzer,Cream Bronzer,Amber,30 gm,Anastasia Beverly hills,33049110,18
ABH01-00079,689304000796,Norvina Pro Palette Vol. 5 - Lilac (25-well),Eye,Eye shadow Palette,Norvina  Pro Palette  Vol. 5 - Lilac (25-well) - FG (EU),Multi-Color,45 gm,Anastasia Beverly hills,33049110,18
ABH01-01122,689304011228,Dipbrow Gel-Blonde,Eye,Eyebrow,Dipbrow Gel ,Blonde,4.4 gm,Anastasia Beverly hills,33042000,18
ABH01-01129,689304011297,Dipbrow Gel-Auburn,Eye,Eyebrow,Dipbrow Gel ,Aurburn,4.4 gm,Anastasia Beverly hills,33042000,18
ABH01-04008,689304055222,Perfect Brow Pencil-Taupe,Eye,Eyebrow,Perfect Brow Pencil ,Taupe,0.95 gm,Anastasia Beverly hills,33042000,18
ABH01-04015,689304040150,Brow Pen - Taupe,Eye,Eyebrow,Brow Pen,Taupe,0.5 ml,Anastasia Beverly hills,33042000,18
ABH01-04022,689304040228,Brow Pen - Caramel,Eye,Eyebrow,Brow Pen,Caramel,0.5 ml,Anastasia Beverly hills,33042000,18
ABH01-04023,689304040235,Brow Pen - Blonde,Eye,Eyebrow,Brow Pen,Blonde,0.5 ml,Anastasia Beverly hills,33042000,18
ABH01-04040,689304040402,Perfect Brow Pencil-Auburn,Eye,Eyebrow,Perfect Brow Pencil ,Aurburn,0.95 gm,Anastasia Beverly hills,33042000,18
ABH01-04402,689304044028,Brow Definer-Auburn,Eye,Eyebrow,Brow Definer ,Aurburn,0.2 gm,Anastasia Beverly hills,33042000,18
ABH01-04410,689304044103,Brow Definer-Blonde,Eye,Eyebrow,Brow Definer ,Blonde,0.2 gm,Anastasia Beverly hills,33042000,18
ABH01-04412,689304044127,Brow Definer - Strawburn,Eye,Eyebrow,Brow Definer ,Strawburn,0.2 gm,Anastasia Beverly hills,33042000,18
ABH01-05101,689304051019,Dipbrow Pomade-Blonde,Eye,Eyebrow,DipBrow Pomade ,Blonde,4 gm,Anastasia Beverly hills,33042000,18
ABH01-18405,689304184052,Norvina Pro Palette Vol. 4 - PINK (25-well),Eye,Eye shadow Palette,NORVINA PRO PIGMENT VOL.4,Multi-Color,45 gm,Anastasia Beverly hills,33049110,18
ABH01-18660,689304186605,Satin Lipstick-Cherry,Lips,Lipstick,Matte Lipstick,Cherry,3 gm,Anastasia Beverly hills,33041000,18
ABH01-18663,689304186636,Satin Lipstick-Rose ,Lips,Lipstick,Matte Lipstick,Rose,3 gm,Anastasia Beverly hills,33041000,18
ABH01-18826,689304188517,Norvina Chroma Stix - Violet ,Eye,Eyeliner,Norvina Chroma Stix,Violet,0.4 gm,Anastasia Beverly hills,33049920,18
ABH01-18827,689304188272,Norvina Chroma Stix - Electric Pink ,Eye,Eyeliner,Norvina Chroma Stix,Electric Pink,0.4 gm,Anastasia Beverly hills,33049920,18
ABH01-18828,689304188289,Norvina Chroma Stix - Black,Eye,Eyeliner,Norvina Chroma Stix,Black,0.4 gm,Anastasia Beverly hills,33049920,18
ABH01-18832,689304188326,Norvina Chroma Stix - Yellow ,Eye,Eyeliner,Norvina Chroma Stix,Yellow,0.4 gm,Anastasia Beverly hills,33049920,18
ABH01-18833,689304188333,Norvina Chroma Stix  - Electric Blue ,Eye,Eyeliner,Norvina Chroma Stix,Electric Blue,0.4 gm,Anastasia Beverly hills,33049920,18
ABH01-18834,689304188340,Norvina Chroma Stix - Magenta ,Eye,Eyeliner,Norvina Chroma Stix,Magenta,0.4 gm,Anastasia Beverly hills,33049920,18
ABH01-18835,689304188357,Norvina Chroma Stix - Aqua ,Eye,Eyeliner,Norvina Chroma Stix,Aqua,0.4 gm,Anastasia Beverly hills,33049920,18
ABH01-18836,689304188364,Norvina Chroma Stix - Orange ,Eye,Eyeliner,Norvina Chroma Stix,Orange,0.4 gm,Anastasia Beverly hills,33049920,18
ABH01-36005,689304360050,Luminous Foundation - 480C,Face Makeup,Foundation,Luminous Foundation ,480C,30 ml,Anastasia Beverly hills,33049920,18
ABH01-56001,689304055994,Brow Powder Duo-Taupe,Eye,Eyebrow,Brow Powder Duo ,Taupe,1.6 gm,Anastasia Beverly hills,330491,5
ABH01-56003,689304055130,Brow Powder Duo-Blonde,Eye,Eyebrow,Brow Powder Duo ,Blonde,1.6 gm,Anastasia Beverly hills,330491,5
ABH01-56005,689304055154,Brow Powder Duo-Caramel,Eye,Eyebrow,Brow Powder Duo ,Caramel,1.6 gm,Anastasia Beverly hills,330491,5
ABH01-56008,689304560085,Brow Powder Duo-Auburn,Eye,Eyebrow,Brow Powder Duo ,Aurburn,1.6 gm,Anastasia Beverly hills,330491,5
ABH01-86004,689304860048,Brow Wiz-Caramel,Eye,Eyebrow,Brow Wiz ,Caramel,0.085 gm,Anastasia Beverly hills,33042000,18
ABH01-86010,689304860109,Brow Wiz-Blonde,Eye,Eyebrow,Brow Wiz ,Blonde,0.085 gm,Anastasia Beverly hills,33042000,18
ABH01-86016,689304860161,Brow Wiz - Strawburn - FG,Eye,Eyebrow,Brow Wiz ,Strawburn,0.085 gm,Anastasia Beverly hills,33042000,18
ABH01-18378,689304183802,Norvina Pro Palette Vol. 1 - B+W - Mini - FG,Eye,Eye shadow Palette,Mini Norvina Palette,Multi-Color,9 gm,Anastasia Beverly hills,33049110,18
ABH01-18661,689304186612,Satin Lipstick-Pomegranate,Lips,Lipstick,Matte Lipstick,Pomegranate,3 gm,Anastasia Beverly hills,33041000,18
ABH01-18662,689304186629,Satin Lipstick-Plum,Lips,Lipstick,Matte Lipstick,Plum,3 gm,Anastasia Beverly hills,33041000,18
ABH01-18664,689304186643,Satin Lipstick-Lychee,Lips,Lipstick,Matte Lipstick,Lychee,3 gm,Anastasia Beverly hills,33041000,18
ABH01-36600,689304366052,Cream Bronzer - Golden Tan,Face Makeup,Bronzer,Cream Bronzer,Golden Tan,30 gm,Anastasia Beverly hills,33049920,18
ABH01-10122,689304101226,Magic Touch Concealer Shade-3,Face Makeup,Concealer,Magic Touch Concealer,Shade-3,12 ml,Anastasia Beverly hills,33049950,18
ABH01-10124,689304101240,Magic Touch Concealer Shade-5,Face Makeup,Concealer,Magic Touch Concealer,Shade-5,12 ml,Anastasia Beverly hills,33049950,18
ABH01-10125,689304101257,Magic Touch Concealer Shade-6,Face Makeup,Concealer,Magic Touch Concealer,Shade-6,12 ml,Anastasia Beverly hills,33049950,18
ABH01-10126,689304101264,Magic Touch Concealer Shade-7,Face Makeup,Concealer,Magic Touch Concealer,Shade-7,12 ml,Anastasia Beverly hills,33049950,18
ABH01-10128,689304101288,Magic Touch Concealer Shade-9,Face Makeup,Concealer,Magic Touch Concealer,Shade-9,12 ml,Anastasia Beverly hills,33049950,18
ABH01-10129,689304101295,Magic Touch Concealer Shade-10,Face Makeup,Concealer,Magic Touch Concealer,Shade-10,12 ml,Anastasia Beverly hills,33049950,18
ABH01-10130,689304101301,Magic Touch Concealer Shade-11,Face Makeup,Concealer,Magic Touch Concealer,Shade-11,12 ml,Anastasia Beverly hills,33049950,18
ABH01-10131,689304101318,Magic Touch Concealer Shade-12,Face Makeup,Concealer,Magic Touch Concealer,Shade-12,12 ml,Anastasia Beverly hills,33049950,18
ABH01-10132,689304101325,Magic Touch Concealer Shade-13,Face Makeup,Concealer,Magic Touch Concealer,Shade-13,12 ml,Anastasia Beverly hills,33049950,18
ABH01-10134,689304101349,Magic Touch Concealer Shade-15,Face Makeup,Concealer,Magic Touch Concealer,Shade-15,12 ml,Anastasia Beverly hills,33049920,18
ABH01-10135,689304101356,Magic Touch Concealer Shade-16,Face Makeup,Concealer,Magic Touch Concealer,Shade-16,12 ml,Anastasia Beverly hills,33049950,18
ABH01-18647,689304186476,Primrose Palette,Eye,Eye shadow Palette,Primrose Palette,Multi-Color,21.92 gm,Anastasia Beverly hills,33049110,18
ABH01-18761,689304187619,Defined & Volumized Brow Kit-Medium Brown,Eye,Value Kit,Value Kit,Medium Brown,2.315 gm,Anastasia Beverly hills,33042000,18
ABH01-18762,689304187626,Defined & Volumized Brow Kit-Dark Brown,Eye,Value Kit,Value Kit,Dark Brown,2.315 gm,Anastasia Beverly hills,33042000,18
ABH01-18764,689304187640,Defined & Volumized Brow Kit-Ebony,Eye,Value Kit,Value Kit,Ebony,2.315 gm,Anastasia Beverly hills,33042000,18
ABH01-18777,689304187770,Mini Matte and Dewy Duo kit,Face Makeup,Setting Spray,Value Kit,Clear,39 ml,Anastasia Beverly hills,33042000,18
ABH99-50016,689304500166,Anastasia Mesh Zipper Pouch - Black,GWP,GWP,GWP,Black,1 N,Anastasia Beverly hills,42022290,18
ABH01-18675,689304186759,Satin Lipstick - Butterscotch,Lips,Lipstick,Satin Lipstick,Butterscotch,3 gm,Anastasia Beverly hills,33041000,18
ABH01-18676,689304186766,Satin Lipstick - Dusty Rose,Lips,Lipstick,Satin Lipstick,Dusty Rose,3 gm,Anastasia Beverly hills,33041000,18
ABH01-18677,689304186773,Satin Lipstick - Praline,Lips,Lipstick,Satin Lipstick,Praline,3 gm,Anastasia Beverly hills,33041000,18
ABH01-18678,689304186780,Satin Lipstick - Tease,Lips,Lipstick,Satin Lipstick,Tease,3 gm,Anastasia Beverly hills,33041000,18
ABH01-18679,689304186797,Satin Lipstick - Peach Amber,Lips,Lipstick,Satin Lipstick,Peach Amber,3 gm,Anastasia Beverly hills,33041000,18
ABH01-18685,689304186858,Satin Lipstick - Warm Peach,Lips,Lipstick,Satin Lipstick,Warm Peach,3 gm,Anastasia Beverly hills,33041000,18
ABH01-18686,689304186865,Satin Lipstick - Taupe Beige,Lips,Lipstick,Satin Lipstick,Taupe Beige,3 gm,Anastasia Beverly hills,33041000,18
ABH01-18691,689304186919,Satin Lipstick - Rose Dream,Lips,Lipstick,Satin Lipstick,Rose Dream,3 gm,Anastasia Beverly hills,33041000,18
ABH01-18681,689304186810,Matte Lipstick - Royal Red,Lips,Lipstick,Matte Lipstick,Royal Red,3 gm,Anastasia Beverly hills,33049110,18
ABH01-18682,689304186827,Matte Lipstick - Blackberry,Lips,Lipstick,Matte Lipstick,Blackberry,3 gm,Anastasia Beverly hills,33041000,18
ABH01-18683,689304186834,Matte Lipstick - American Doll,Lips,Lipstick,Matte Lipstick,American Doll,3 gm,Anastasia Beverly hills,33041000,18
ABH01-18692,689304186926,Matte Lipstick - Sugar Plum,Lips,Lipstick,Matte Lipstick,Sugar Plum,3 gm,Anastasia Beverly hills,33041000,18
ABH01-18861,689304188616,Lip Liner - Sunbaked,Lips,Lip Liner,Lip Liner,Sunbaked,1.49 gm,Anastasia Beverly hills,33041000,18
ABH01-18864,689304188647,Lip Liner - Raisin,Lips,Lip Liner,Lip Liner,Raisin,1.49 gm,Anastasia Beverly hills,33041000,18
ABH01-18866,689304188661,Lip Liner - Cherry,Lips,Lip Liner,Lip Liner,Cherry,1.49 gm,Anastasia Beverly hills,33041000,18
ABH01-18868,689304188685,Lip Liner - Chai,Lips,Lip Liner,Lip Liner,Chai,1.49 gm,Anastasia Beverly hills,33041000,18
ABH01-18869,689304188692,Lip Liner - Hazelnut,Lips,Lip Liner,Lip Liner,Hazelnut,1.49 gm,Anastasia Beverly hills,33041000,18
ABH01-18870,689304121095,Lip Liner - Parchment,Lips,Lip Liner,Lip Liner,Parchment,1.49 gm,Anastasia Beverly hills,33041000,18
ABH01-18872,689304187497,Lip Liner - Dusty Rose,Lips,Lip Liner,Lip Liner,Dusty Rose,1.49 gm,Anastasia Beverly hills,33041000,18
ABH01-18874,689304187510,Lip Liner - Blackberry,Lips,Lip Liner,Lip Liner,Blackberry,1.49 gm,Anastasia Beverly hills,33041000,18
ABH01-18875,689304187527,Lip Liner - Peach Amber,Lips,Lip Liner,Lip Liner,Peach Amber,1.49 gm,Anastasia Beverly hills,33041000,18
ABH01-18876,689304187534,Lip Liner - Cranberry,Lips,Lip Liner,Lip Liner,Cranberry,1.49 gm,Anastasia Beverly hills,33041000,18
ABH01-18901,689304189101,Brow Studio  Kit - Medium Brown,Eye,Eyebrow,Value Kit,Medium Brown,4.9 gm,Anastasia Beverly hills,33042000,18
ABH01-18902,689304189118,Brow Studio  Kit - Dark Brown,Eye,Eyebrow,Value Kit,Dark Brown,4.9 gm,Anastasia Beverly hills,33042000,18
ABH01-18903,689304189125,Brow Studio  Kit - Ebony,Eye,Eyebrow,Value Kit,Ebony,4.9 gm,Anastasia Beverly hills,33042000,18
ABH01-10123,689304101233,Magic Touch Concealer Shade-4,Face Makeup,Concealer,Magic Touch Concealer,Shade-4,12 ml,Anastasia Beverly hills,33049920,18
ABH01-18645,689304186452,Norvina Pro Pigment Vol 6,Eye,Eye shadow Palette,Norvina  Vol 6,Multi-Color,45 gm,Anastasia Beverly hills,33049110,18
ABH01-18831,689304188319,Norvina Chroma Stix- White,Eye,Eyebrow,Norvina Chroma Stix,White,0.4 gm,Anastasia Beverly hills,33049920,18
ABH01-02102,689304021029,Clear Brow Gel - Sample - FG ,GWP,GWP,GWP,Clear,1.5 ml,Anastasia Beverly hills,33042000,18
ABH01-18855,689304188555,Lipgloss Deluxe - Crystal - FG ,GWP,GWP,GWP,Nude,3.1 ml,Anastasia Beverly hills,33041000,18
ABH01-18649,689304186490,Stick Blush – Bubblegum,Face Makeup,Blush,Stick Blush,Bubble Gum,8 gm,Anastasia Beverly hills,33049950,18
ABH01-18885,689304188890,Nouveau Eyeshadow Palette,Eye,Eye shadow Palette,Nouveau Eyeshadow Palette  - FG ,Multi-Color,16.08 gm,Anastasia Beverly hills,33042000,18
ABH01-18962,689304189620,Lipgloss - Peachy,Lips,Lip Gloss,Lip Gloss ,Peachy,4.7 ml,Anastasia Beverly hills,33041000,18
ABH01-18963,689304189637,Lipgloss - Amber Sparkle,Lips,Lip Gloss,Lip Gloss ,Amber Sparkle,4.7 ml,Anastasia Beverly hills,33041000,18
ABH01-36614,689304366144,Cream Bronzer – Terracotta ,Face Makeup,Bronzer,Cream Bronzer,Terracotta,30 gm,Anastasia Beverly hills,33049920,18
ABH01-18652,689304186520,Stick Blush – Peachy Keen,Face Makeup,Blush,Stick Blush,Peachy Keen,8 gm,Anastasia Beverly hills,33049950,18
ABH01-18850,689304188500,Brow Genius Serum,Eye,Eyebrow,Brow Serum,White,3.55 ml,Anastasia Beverly hills,33042000,18
ABH01-18961,689304189613,Lipgloss - Peachy Nude,Lips,Lip Gloss,Lip Gloss ,Peachy Nude,4.7 ml,Anastasia Beverly hills,33041000,18
ABH01-10133,689304101332,Magic Touch Concealer Shade-14,Face Makeup,Concealer,Magic Touch Concealer,Shade-14,12 ml,Anastasia Beverly hills,33049950,18
ABH01-36105,689304361057,Luminous Foundation Sachet -130N,GWP,GWP,GWP,Multi Color,0.85 gm,Anastasia Beverly hills,33049920,18
ABH01-18653,689304186537,Stick Blush – Nectarine,Face Makeup,Blush,Stick Blush,ABH Nectarine,8 gm,Anastasia Beverly hills,33049950,18
ABH01-18886,689304188906,Rose Metal Palette,Eye,Eye shadow Palette,Rose Metal Palette,Multi-Color,18 gm,Anastasia Beverly hills,33049110,18
ABH01-18887,689304188913,Glam To Go Palette - Mini,Eye,Eye shadow Palette,Glam To Go Palette - Mini,Multi-Color,6.4 gm,Anastasia Beverly hills,33049190,18
ABH01-18942,689304189422,Fluffy & Fuller Looking Brow Kit - Medium Brown,Eye,Value Kit,Value Kit,Medium Brown,4.1 gm,Anastasia Beverly hills,33042000,18
ABH01-18943,689304189439,Fluffy & Fuller Looking Brow Kit - Dark Brown,Eye,Value Kit,Value Kit,Dark Brown,4.1 gm,Anastasia Beverly hills,33042000,18
ABH01-18944,689304189446,Fluffy & Fuller Looking Brow Kit - Ebony,Eye,Value Kit,Value Kit,Ebony,4.1 gm,Anastasia Beverly hills,33042000,18
ABH01-18951,689304189514,2022 Fuller Looking & Sculpted Lip Duo Kit - Sun Baked LL + Peach Bud LS,Lips,Value Kit,Value Kit,Peach Bud,4.14 gm,Anastasia Beverly hills,33041000,18
ABH01-18953,689304189538,2022 Fuller Looking & Sculpted Lip Duo Kit - Raisin LL + Sugar Plum LS,Lips,Value Kit,Value Kit,Sugar Plum,4.14 gm,Anastasia Beverly hills,33041000,18
ABH01-18954,689304189545,2022 Fuller Looking & Sculpted Lip Duo Kit - Malt LL + Toffee LS,Lips,Value Kit,Value Kit,Toffee,4.14 gm,Anastasia Beverly hills,33041000,18
ABH01-18965,689304189651,Pout Master Kit - Crystal LG + Warm Taupe LL,Lips,Value Kit,Value Kit,Warm Taupe,6.29 ml,Anastasia Beverly hills,33041000,18
ABH01-18966,689304189668,Pout Master Kit - Crystal LG + Malt LL,Lips,Value Kit,Value Kit,Malt,6.29 ml,Anastasia Beverly hills,33041000,18
ABH01-18919,689304189194,Natural & Polished Deluxe Brow Kit - Soft Brown,Eye,Value Kit,Value Kit,Soft Brown,8.14 ml,Anastasia Beverly hills,33042000,18
ABH01-18920,689304189200,Natural & Polished Deluxe Brow Kit  - Medium Brown,Eye,Value Kit,Value Kit,Medium Brown,8.14 ml,Anastasia Beverly hills,33042000,18
ABH01-18921,689304189217,Natural & Polished Deluxe Brow Kit  - Dark Brown,Eye,Value Kit,Value Kit,Dark Brown,8.14 ml,Anastasia Beverly hills,33042000,18
ABH01-18922,689304189224,Natural & Polished Deluxe Brow Kit  - Ebony,Eye,Value Kit,Value Kit,Ebony,8.14 ml,Anastasia Beverly hills,33042000,18
ABH01-27101,689304271011,Blush Trio #1 - Pool Party,Face Makeup,Blush,Blush Trio,Pool Party,9 gm,Anastasia Beverly hills,33049110,18
ABH01-27102,689304271028,Blush Trio #2 - Berry Adore,Face Makeup,Blush,Blush Trio,Berry Adore,9 gm,Anastasia Beverly hills,33049110,18
ABH01-32010,689304320108,Liquid Lipstick-Kathryn,Lips,Lipstick,Liquid Lipstick,Kathryn,3.2 gm,Anastasia Beverly hills,33041000,18
ABH01-32013,689304320139,Liquid Lipstick-Heathers,Lips,Lipstick,Liquid Lipstick,Heathers,3.2 gm,Anastasia Beverly hills,33041000,18
ABH01-32027,689304320276,Liquid Lipstick-Sarafine,Lips,Lipstick,Liquid Lipstick,Sarafine,3.2 gm,Anastasia Beverly hills,33041000,18
ABH01-32048,689304320481,Liquid Lipstick-Dusty Rose,Lips,Lipstick,Liquid Lipstick,Dusty Rose,3.2 gm,Anastasia Beverly hills,33041000,18
ABH01-32112,689304321129,Liquid Lipstick-Hudson,Lips,Lipstick,Liquid Lipstick,Hudson,3.2 gm,Anastasia Beverly hills,33041000,18
ABH01-32119,689304321198,Liquid Lipstick-Poet,Lips,Lipstick,Liquid Lipstick,Poet,3.2 gm,Anastasia Beverly hills,33041000,18
ABH01-86407,689304864077,Mini Brow Wiz-Soft Brown,GWP,GWP,GWP,Soft Brown,0.0283 gm,Anastasia Beverly hills,33042000,18
ABHK1-187203,1000000256909,Too glam to give a damn,Eye,Value Kit,Value Kit,Multi Color,10.9 gm,Anastasia Beverly hills,33042000,18
ABHK2-651679,1000000256916,Kiss from the rose,Face Makeup,Value Kit,Value Kit,Multi Color,11 gm,Anastasia Beverly hills,33049110,18
ABH01-19035,689304190350,Lipgloss - Soft Pink,Lips,Lip Gloss,Lip Gloss ,Soft Pink,4.7 ml,Anastasia Beverly hills,33041000,18
ABH01-19036,689304190367,Lipgloss - Deep Taupe,Lips,Lip Gloss,Lip Gloss ,Deep Taupe,4.7 ml,Anastasia Beverly hills,33049110,18
ABH01-19037,689304190374,Lipgloss - Sunbaked,Lips,Lip Gloss,Lip Gloss ,Sunbaked,4.7 ml,Anastasia Beverly hills,33041000,18
ABH01-19066,689304190664,Matte Lipstick - Hush Rose,Lips,Lipstick,Matte Lipstick,Hush Rose,3 gm,Anastasia Beverly hills,33041000,18
ABH01-19067,689304190671,Matte Lipstick - Blush Brown,Lips,Lipstick,Matte Lipstick,Blush Brown,3 gm,Anastasia Beverly hills,33041000,18
ABH01-19068,689304190688,Matte Lipstick - Sunbaked,Lips,Lipstick,Matte Lipstick,Sunbaked,3 gm,Anastasia Beverly hills,33041000,18
ABH01-19069,689304190695,Matte Lipstick - Warm Taupe,Lips,Lipstick,Matte Lipstick,Warm Taupe,3 gm,Anastasia Beverly hills,33041000,18
ABH01-19071,689304190718,Matte Lipstick - Hush Pink,Lips,Lipstick,Matte Lipstick,Hush Pink,3 gm,Anastasia Beverly hills,33041000,18
ABH01-19072,689304190725,Lip Liner - Caramel,Lips,Lip Liner,Lip Liner,Caramel,1.49 gm,Anastasia Beverly hills,33041000,18
ABH01-19075,689304190756,Lip Liner - Rosewood,Lips,Lip Liner,Lip Liner,Rosewood,1.49 gm,Anastasia Beverly hills,33049110,18
ABH01-12001,689304031011,SHARPENER,GWP,GWP,GWP,Black,1 N,Anastasia Beverly hills,96162000,18
ABH01-19054,689304190541,Lipgloss - Dusty Rose,Lips,Lip Gloss,Lip Gloss ,Dusty Rose,4.7 ml,Anastasia Beverly hills,33049110,18
ABH01-19056,689304190565,Lipgloss - Tan Rose,Lips,Lip Gloss,Lip Gloss ,Tan Rose,4.7 ml,Anastasia Beverly hills,33041000,18
ABH01-19057,689304190572,Lipgloss - Toffee Rose,Lips,Lip Gloss,Lip Gloss ,Toffee Rose,4.7 ml,Anastasia Beverly hills,33041000,18
ABH01-19058,689304190589,Lipgloss - Latte,Lips,Lip Gloss,Lip Gloss ,Latte,4.5 ml,Anastasia Beverly hills,33041000,18
ABH01-19059,689304190596,Lipgloss - Caramel,Lips,Lip Gloss,Lip Gloss ,Caramel,4.7 ml,Anastasia Beverly hills,33041000,18
ABH01-19063,689304190633,Lipgloss - Guava,Lips,Lip Gloss,Lip Gloss ,Guava,4.5 ml,Anastasia Beverly hills,33041000,18
ABH01-19136,689304191364,2023 Full & Feathered Kit - Dark Brown - FG - Intl,Eye,Value Kit,Value Kit,Dark Brown,4.7 gm,Anastasia Beverly hills,33042000,18
ABH01-19137,689304191371,2023 Full & Feathered Kit - Ebony - FG - Intl,Eye,Value Kit,Value Kit,Ebony,4.7 gm,Anastasia Beverly hills,33042000,18
ABH01-19175,689304191753,2023 Cosmos Eyeshadow Palette - FG,Eye,Eye shadow Palette,Cosmos Eyeshadow Palette,Multi-Color,16.2 gm,Anastasia Beverly hills,33042000,18
ABH85-60016,689308560016,Anastasia Handheld Mirror-White-2016,GWP,GWP,GWP,White,1 N,Anastasia Beverly hills,39249090,18
ABH99-00309,689304003094,ABH Luggage Tag - DON'T SHATTER MY PALETTE - Pink,GWP,GWP,GWP,Pink,1 N,Anastasia Beverly hills,39269099,18
ABH99-18019,689304990196,ABH Custom Keychain - Pink ,GWP,GWP,GWP,Pink,1 N,Anastasia Beverly hills,73262090,18
ABH01-14084,689304140843,Lash Sculpt Lengthening & Volumizing Mascara - Full Size - FG,Eye,Mascara,Mascara,Black,10 ml,Anastasia Beverly hills,33042000,18
ABH01-19205,689304192057,Lash Sculpt Lengthening & Volumizing Mascara - Deluxe - FG,Eye,Mascara,Mini Mascara,Black,5 ml,Anastasia Beverly hills,33042000,18
ABH01-19162,689304191623,2023 Brow Beginners Kit- Dark Brown,Eye,Value Kit,Value Kit,Dark Brown,3 N,Anastasia Beverly hills,33042000,18
ABH01-19176,689304191760,Lip Luster Duo  - FG - Intl,Lips,Value Kit,Lip Luster Duo Kit,Multi Color,2 N,Anastasia Beverly hills,33041000,18
ABH01-19178,689304191784,Velvet Matte Lip Duo - Muted Mauve mini LL + Hush Rose LS,Lips,Value Kit,Velvet Matte Lipstick & Lip Liner Kit,Multi Color,2 N,Anastasia Beverly hills,33041000,18
ABH01-19179,689304191791,Velvet Matte Lip Duo - Deep Taupe mini LL + Blush Brown LS,Lips,Value Kit,Velvet Matte Lipstick & Lip Liner Kit,Multi Color,2 N,Anastasia Beverly hills,33041000,18
ABH01-19181,689304191814,"Velvet Matte Lip Duo - Malt mini LL +
Sunbaked LS",Lips,Value Kit,Velvet Matte Lipstick & Lip Liner Kit,Multi Color,2 N,Anastasia Beverly hills,33041000,18
ABH01-19152,689304191524,The Original Brow Kit - Dark Brown,Eye,Value Kit,Value Kit,Dark Brown,5 N,Anastasia Beverly hills,33042000,18
ABH01-19144,689304191449,Deluxe Matte Lipstick Set ,Lips,Value Kit,Matte Lipstick Set ,Multi Color,4 N,Anastasia Beverly hills,33041000,18
ABH01-19186,689304191869,2023 Fall Romance Palette ,Eye,Eye shadow Palette,Fall Romance Palette ,Multi-Color,13.32 gm,Anastasia Beverly hills,33042000,18
ABH01-19197,689304191975,Sultry Palette -Mini,Eye,Eye shadow Palette,Sultry Palette -Mini,Multi-Color,9 gm,Anastasia Beverly hills,33042000,18
ABH01-24181,689304241816,Glow Seeker Highlighter - Sun Idol ,Face Makeup,Highlighter,Glow Seeker Highlighter,Sun Idol,11 gm,Anastasia Beverly hills,33049990,18
ABH01-19196,689304191968,Modern Renaissance Palette -Mini ,Eye,Eye shadow Palette,Modern Renaissance Palette -Mini ,Multi-Color,7.56 gm,Anastasia Beverly hills,33042000,18
ABH01-18250,689304182508,2023 International Vault,Eye,Value Kit,2023 International Vault kit,Multi Color,23.14 gm,Anastasia Beverly hills,33042000,18
ABH01-19188,689304191883,Lash Genius Serum - Deluxe,Eye,Eyebrow,Lash Genius Serum,White,2 ml,Anastasia Beverly hills,33042000,18
ABH01-19189,689304191890,Lash Genius Serum,Eye,Eyebrow,Lash Genius Serum,White,3.5 ml,Anastasia Beverly hills,33042000,18
ABH01-34845,689304348454,Brow Freeze - Deluxe ,Eye,Eyebrow,Brow Freeze,Transparent,2.5 gm,Anastasia Beverly hills,33042000,18
ABH01-34846,689304348461,Brow Freeze Gel,Eye,Eyebrow,Brow Freeze Gel,Transparent,7 ml,Anastasia Beverly hills,33042000,18
ABH01-34847,689304348478,Brow Freeze Gel - Deluxe,Eye,Eyebrow,Brow Freeze Gel,Transparent,4.5 ml,Anastasia Beverly hills,33042000,18
ABH01-19451,689304194518,Lip Velvet - Pure Hollywood,Lips,Lipstick,Lip Velvet,Pure Hollywood,3.5 gm,Anastasia Beverly hills,33041000,18
ABH01-19452,689304194525,Lip Velvet - Peachy Nude,Lips,Lipstick,Lip Velvet,Peachy Nude,3.5 gm,Anastasia Beverly hills,33041000,18
ABH01-19453,689304194532,Lip Velvet - Kiss,Lips,Lipstick,Lip Velvet,Kiss,3.5 gm,Anastasia Beverly hills,33041000,18
ABH01-19455,689304194556,Lip Velvet - Parchment,Lips,Lipstick,Lip Velvet,Parchment,3.5 gm,Anastasia Beverly hills,33041000,18
ABH01-19456,689304194563,Lip Velvet - Crush,Lips,Lipstick,Lip Velvet,Crush,3.5 gm,Anastasia Beverly hills,33049110,18
ABH01-19457,689304194570,Lip Velvet - Peach Amber,Lips,Lipstick,Lip Velvet,Peach Amber,3.5 gm,Anastasia Beverly hills,33041000,18
ABH01-19841,689304198417,Brow & Lash Styling Kit - Medium Brown,Eye,Value Kit,Value Kit,Medium Brown,7.585 ml,Anastasia Beverly hills,33042000,18
ABH01-19842,689304198424,Brow & Lash Styling Kit - Dark Brown,Eye,Value Kit,Value Kit,Dark Brown,7.585 ml,Anastasia Beverly hills,33042000,18
ABH01-36153,689304361538,Beauty Balm Serum Boosted Skin Tint - Shade 4,Face Makeup,Highlighter,Beauty Balm Serum,Shade 4,18 gm,Anastasia Beverly hills,33049950,18
ABH01-36154,689304361545,Beauty Balm Serum Boosted Skin Tint - Shade 5,Face Makeup,Highlighter,Beauty Balm Serum,Shade 5,18 gm,Anastasia Beverly hills,33049950,18
ABH01-36156,689304361569,Beauty Balm Serum Boosted Skin Tint - Shade 7,Face Makeup,Highlighter,Beauty Balm Serum,Shade 7,18 gm,Anastasia Beverly hills,33049950,18
ABH01-36157,689304361576,Beauty Balm Serum Boosted Skin Tint - Shade 8,Face Makeup,Highlighter,Beauty Balm Serum,Shade 8,18 gm,Anastasia Beverly hills,33049950,18
ABH01-36158,689304361583,Beauty Balm Serum Boosted Skin Tint - Shade 9,Face Makeup,Highlighter,Beauty Balm Serum,Shade 9,18 gm,Anastasia Beverly hills,33049950,18
ABH01-36159,689304361590,Beauty Balm Serum Boosted Skin Tint - Shade 10,Face Makeup,Highlighter,Beauty Balm Serum,Shade 10,18 gm,Anastasia Beverly hills,33049950,18
ABH01-36160,689304361606,Beauty Balm Serum Boosted Skin Tint - Shade 11,Face Makeup,Highlighter,Beauty Balm Serum,Shade 11,18 gm,Anastasia Beverly hills,33049950,18
ABH01-36161,689304361613,Beauty Balm Serum Boosted Skin Tint - Shade 12,Face Makeup,Highlighter,Beauty Balm Serum,Shade 12,18 gm,Anastasia Beverly hills,33049950,18
ABH01-19834,689304198349,Lipgloss - Deluxe - Sunbaked -GWP,GWP,GWP,GWP,Sunbaked,3.1 ml,Anastasia Beverly hills,33041000,18
ABH01-19835,689304198356,Lipgloss - Deluxe - Deep Taupe -GWP,GWP,GWP,GWP,Deep Taupe,3.1 ml,Anastasia Beverly hills,33041000,18
ABH01-19836,689304198363,Lipgloss - Deluxe - Peachy -GWP,GWP,GWP,GWP,Peachy,3.1 ml,Anastasia Beverly hills,33041000,18
ABH01-19837,689304198370,Lipgloss - Deluxe - Amber Sparkle -GWP,GWP,GWP,GWP,Amber Sparkle,3.1 ml,Anastasia Beverly hills,33041000,18
ABH01-33310,689304333108,Lip Liner - Deluxe - Raisin -GWP,GWP,GWP,GWP,Raisin,1.14 gm,Anastasia Beverly hills,33041000,18
ABH01-33312,689304333122,Lip Liner - Deluxe - Rosewood - GWP,GWP,GWP,GWP,Rosewood,1.14 gm,Anastasia Beverly hills,33041000,18
ABH99-50018,689304500180,Neopren Pouch – Rectangular Shape – Black w/Black Logo-GWP,GWP,GWP,GWP,Black,1 N,Anastasia Beverly hills,42022290,18
ABH99-50019,689304500197,Neopren Pouch – Rectangular Shape – Pink w/Pink Logo-GWP,GWP,GWP,GWP,Pink,1 N,Anastasia Beverly hills,42029200,18
ABH01-18670,689304186704,Blurring Serum Blush - Baby Pink,Face Makeup,Blush,Blurring Serum Blush,Baby Pink,9.5 ml,Anastasia Beverly hills,33049950,18
ABH01-18673,689304186735,Blurring Serum Blush - Peach,Face Makeup,Blush,Blurring Serum Blush,Peach,9.5 ml,Anastasia Beverly hills,33049950,18
ABH01-18669,689304186698,Blurring Serum Blush - Hibiscus,Face Makeup,Blush,Blurring Serum Blush,Hibiscus,9.5 ml,Anastasia Beverly hills,33049950,18
ABH01-18672,689304186728,Blurring Serum Blush - Plum,Face Makeup,Blush,Blurring Serum Blush,Plum,9.5 ml,Anastasia Beverly hills,33049950,18
ABH01-18671,689304186711,Blurring Serum Blush - Guava,Face Makeup,Blush,Blurring Serum Blush,Guava,9.5 ml,Anastasia Beverly hills,33049950,18
ABH01-19459,689304194594,Lip Velvet - Softy,Lips,Lipstick,Lip Velvet,Softy,3.5 gm,Anastasia Beverly hills,33041000,18
ABH01-19458,689304194587,Lip Velvet - Pale Mauve,Lips,Lipstick,Lip Velvet,Pale Mauve,3.5 gm,Anastasia Beverly hills,33041000,18
ABH01-19450,689304194501,Lip Velvet - Rosy Mauve,Lips,Lipstick,Lip Velvet,Rosy Mauve,3.5 gm,Anastasia Beverly hills,33041000,18
ABH40-85103,689304851039,"Tote/Bag - We Are Brows, Black",GWP,GWP,GWP,Black,1 N,Anastasia Beverly hills,63052000,18
ABH85-60008,689304600088,Single Side Plastic Desktop Mirror,GWP,GWP,GWP,Black,1 N,Anastasia Beverly hills,70099200,18
ABH01-34848,689304348485,Brow Freeze Gel Sample,GWP,GWP,GWP,White,4.5 ml,Anastasia Beverly hills,33042000,18
ABH01-19206,689304192064,Lash Sculpt Lengthening & Volumizing Mascara,Eye,Mascara,Mini Mascara,Black,5 ml,Anastasia Beverly hills,33042000,18
ABH01-21431,689304214315,2024 Liquid Eyeliner - Aubergine,Eye,Eyeliner,Liquid Eyeliner,Aubergine,2.4 ml,Anastasia Beverly hills,33042000,18
ABH01-21432,689304214322,2024 Liquid Eyeliner - Brown,Eye,Eyeliner,Liquid Eyeliner,Brown,2.4 ml,Anastasia Beverly hills,33042000,18
ABH01-21430,689304214308,2024 Liquid Eyeliner - Burgundy,Eye,Eyeliner,Liquid Eyeliner,Burgundy,2.4 ml,Anastasia Beverly hills,33042000,18
ABH01-21434,689304214346,2024 Liquid Eyeliner - Navy Blue,Eye,Eyeliner,Liquid Eyeliner,Navy Blue,2.4 ml,Anastasia Beverly hills,33042000,18
ABH01-21433,689304214339,2024 Liquid Eyeliner - White,Eye,Eyeliner,Liquid Eyeliner,White,2.4 ml,Anastasia Beverly hills,33042000,18
ABH01-19572,689304195720,Lip Velvet – Cool Brown,Lips,Lipstick,Lip Velvet,Brown,3.5 gm,Anastasia Beverly hills,33041000,18
ABH01-19570,689304195706,Lip Velvet – Hush Rose,Lips,Lipstick,Lip Velvet,Rose,3.5 gm,Anastasia Beverly hills,33041000,18
ABH01-19573,689304195737,Lip Velvet –Blackberry,Lips,Lipstick,Lip Velvet,Blackberry,3.5 gm,Anastasia Beverly hills,33041000,18
ABH01-19571,689304195713,Lip Velvet –Pomegranate,Lips,Lipstick,Lip Velvet,Pomegranate,3.5 gm,Anastasia Beverly hills,33041000,18
ABH01-01218,689304012188,Volumizing Tinted Brow Gel - Ebony,Eye,Eyebrow,Volumizing Tinted Brow Gel,Ebony,3.2 ml,Anastasia Beverly hills,33042000,18
ABH01-01216,689304012164,Volumizing Tinted Brow Gel - Medium Brown,Eye,Eyebrow,Volumizing Tinted Brow Gel,Medium Brown,3.2 ml,Anastasia Beverly hills,33042000,18
ABH01-01215,689304012157,Volumizing Tinted Brow Gel - Soft Brown,Eye,Eyebrow,Volumizing Tinted Brow Gel,Soft Brown,3.2 ml,Anastasia Beverly hills,33042000,18
ABH01-01217,689304012171,Volumizing Tinted Brow Gel - Dark Brown,Eye,Eyebrow,Volumizing Tinted Brow Gel,Dark Brown,3.2 ml,Anastasia Beverly hills,33042000,18
ABH01-01231,689304012317,Volumizing Tinted Brow Gel - DLX - Medium Brown,Eye,Eyebrow,Volumizing Tinted Brow Gel-Mini,Medium Brown,2.1 ml,Anastasia Beverly hills,33042000,18
ABH01-01232,689304012324,Volumizing Tinted Brow Gel - DLX - Dark Brown,Eye,Eyebrow,Volumizing Tinted Brow Gel-Mini,Dark Brown,2.1 ml,Anastasia Beverly hills,33042000,18
ABH01-01233,689304012331,Volumizing Tinted Brow Gel - DLX - Ebony,Eye,Eyebrow,Volumizing Tinted Brow Gel-Mini,Ebony,2.1 ml,Anastasia Beverly hills,33042000,18
ABH01-01230,689304012300,Volumizing Tinted Brow Gel - DLX - Soft Brown,Eye,Eyebrow,Volumizing Tinted Brow Gel-Mini,Soft Brown,2.1 ml,Anastasia Beverly hills,33042000,18
ABH01-19981,689304199810,Spice Palette - Mini,Eye,Eye shadow Palette,Spice Palette - Mini,Multi-Color,8.55 gm,Anastasia Beverly hills,33042000,18
ABH01-19923,689304199230,Blushed Lip & Cheek Duo Kit,Face Makeup,Value Kit,Value Kit,Multi Color,11.5 gm,Anastasia Beverly hills,33041000,18
ABH01-19908,689304199087,Frozen & Fuller Looking Brow Trio Kit - Dark Brown,Eye,Value Kit,Value Kit,Multi Color,4.64 ml,Anastasia Beverly hills,33042000,18
ABH01-19907,689304199070,Frozen & Fuller Looking Brow Trio Kit - Medium Brown,Eye,Value Kit,Value Kit,Multi Color,4.64 ml,Anastasia Beverly hills,33042000,18
ABH01-19931,689304199315,Liquid Liner Duo Kit,Eye,Value Kit,Value Kit,Multi Color,4.8 ml,Anastasia Beverly hills,33042000,18
ABH01-19921,689304199216,Mini Sultry Kit,Eye,Value Kit,Value Kit,Multi Color,19 gm,Anastasia Beverly hills,33042000,18
ABH01-19911,689304199117,Sparkle Gloss Duo Kit,Lips,Value Kit,Value Kit,Multi Color,9.5 ml,Anastasia Beverly hills,33041000,18
ABH01-19912,689304199124,Tinted Gloss Duo Kit,Lips,Value Kit,Value Kit,Multi Color,9.4 ml,Anastasia Beverly hills,33041000,18
ABH01-25020,689304250207,Translucent Mini Loose Powder,GWP,GWP,GWP,Translucent,6 gm,Anastasia Beverly hills,330491,5
ABH01-36123,689304361231,Impeccable Blurring Second Skin Matte Foundation - 1CR,Face Makeup,Foundation,Impeccable Foundation,1CR,35 ml,Anastasia Beverly hills,33049950,18
ABH01-36131,689304361316,Impeccable Blurring Second Skin Matte Foundation  - 3WO,Face Makeup,Foundation,Impeccable Foundation,3WO,35 ml,Anastasia Beverly hills,33049950,18
ABH01-36129,689304361293,Impeccable Blurring Second Skin Matte Foundation  - 3W,Face Makeup,Foundation,Impeccable Foundation,3W,35 ml,Anastasia Beverly hills,33049950,18
ABH01-36134,689304361347,Impeccable Blurring Second Skin Matte Foundation - 4W,Face Makeup,Foundation,Impeccable Foundation,4W,35 ml,Anastasia Beverly hills,33049950,18
ABH01-36127,689304361279,Impeccable Blurring Second Skin Matte Foundation  - 2WP,Face Makeup,Foundation,Impeccable Foundation,2WP,35 ml,Anastasia Beverly hills,33049950,18
ABH01-36136,689304361361,Impeccable Blurring Second Skin Matte Foundation - 4WO,Face Makeup,Foundation,Impeccable Foundation,4WO,35 ml,Anastasia Beverly hills,33049950,18
ABH01-36130,689304361309,Impeccable Blurring Second Skin Matte Foundation  - 3N,Face Makeup,Foundation,Impeccable Foundation,3N,35 ml,Anastasia Beverly hills,33049950,18
ABH01-36126,689304361262,Impeccable Blurring Second Skin Matte Foundation - 2W,Face Makeup,Foundation,Impeccable Foundation,2W,35 ml,Anastasia Beverly hills,33049950,18
ABH01-36138,689304361385,Impeccable Blurring Second Skin Matte Foundation - 5W,Face Makeup,Foundation,Impeccable Foundation,5W,35 ml,Anastasia Beverly hills,33049950,18
ABH01-36125,689304361255,Impeccable Blurring Second Skin Matte Foundation  - 2N,Face Makeup,Foundation,Impeccable Foundation,2N,35 ml,Anastasia Beverly hills,33049950,18
ABH01-36135,689304361354,Impeccable Blurring Second Skin Matte Foundation - 4WP,Face Makeup,Foundation,Impeccable Foundation,4WP,35 ml,Anastasia Beverly hills,33049950,18
ABH01-36133,689304361330,Impeccable Blurring Second Skin Matte Foundation - 4N,Face Makeup,Foundation,Impeccable Foundation,4N,35 ml,Anastasia Beverly hills,33049950,18
ABH01-36128,689304361286,Impeccable Blurring Second Skin Matte Foundation - 2.5W,Face Makeup,Foundation,Impeccable Foundation,2.5W,35 ml,Anastasia Beverly hills,33049950,18
ABH01-36132,689304361323,Impeccable Blurring Second Skin Matte Foundation - 3CR,Face Makeup,Foundation,Impeccable Foundation,3CR,35 ml,Anastasia Beverly hills,33049950,18
ABH01-36181,689304361811,"Impeccable Blurring Matte Setting Spray
- Deluxe",Face Makeup,Setting Spray,Impeccable Setting Spray,Transparent,40 ml,Anastasia Beverly hills,33049950,18
ABH01-36180,689304361804,Impeccable Blurring Matte Setting Spray,Face Makeup,Setting Spray,Impeccable Setting Spray,Transparent,100 ml,Anastasia Beverly hills,33049950,18
ABH01-24184,689304241847,Glow Seeker Highlighter-Ethereal,Face Makeup,Highlighter,Glow Seeker Highlighter,Ethereal,11 gm,Anastasia Beverly hills,33049110,18
ABH01-25021,689304250214,Eye Primer Sample,Eye,Eyebrow,GWP,Brown,7 ml,Anastasia Beverly hills,33042000,18
ABH01-14087,689304140874,Lash Sculpt Lengthening & Volu Mascara - Deluxe,Eye,Eyebrow,GWP,Black,5 ml,Anastasia Beverly hills,33042000,18
ABH01-34855,689304348553,Magic Touch Blush Trio - Berry/Rose Trio,Face Makeup,Blush,Magic Touch Blush Trio,Berry/Rose,9 gm,Anastasia Beverly hills,33049950,18
ABH01-34856,689304348560,Magic Touch Blush Trio - Peach Trio,Face Makeup,Blush,Magic Touch Blush Trio,Peach,9 gm,Anastasia Beverly hills,33049950,18
ABH01-34857,689304348577,Magic Touch Blush Trio - Pink Trio,Face Makeup,Blush,Magic Touch Blush Trio,Pink,9 gm,Anastasia Beverly hills,33049950,18
ABH01-10154,689304101547,Smooth Blur Bronzer - Golden Beach Glow,Face Makeup,Bronzer,Smooth Blur Bronzer,Golden Beach Glow,10 gm,Anastasia Beverly hills,33049110,18
ABH01-10156,689304101561,Smooth Blur Bronzer - Beach Bum Bronze,Face Makeup,Bronzer,Smooth Blur Bronzer,Beach Bum Bronze,10 gm,Anastasia Beverly hills,33049110,18
ABH01-10157,689304101578,Smooth Blur Bronzer - Sunset Sizzle,Face Makeup,Bronzer,Smooth Blur Bronzer,Sunset Sizzle,10 gm,Anastasia Beverly hills,33049110,18
ABH01-10159,689304101592,Smooth Blur Bronzer - Tropical Tan,Face Makeup,Bronzer,Smooth Blur Bronzer,Tropical Tan,10 gm,Anastasia Beverly hills,33049110,18
ABHPP-455457,8905856241268,Peachy Pataka-Lip Velvet Duo (3.5 gm +3.5 gm),Lips,Value Kit,Value Kit,Multi Color,3.5 gm +3.5 gm ,Anastasia Beverly hills,33041000,18
ABHDG-501887,8905856241251,Dewy Gulab-Mini Dewy Set  & Glam To Go Palette (30 ml+6.4 gm),Face Makeup,Value Kit,Value Kit,Multi Color,30 ml+6.4 gm ,Anastasia Beverly hills,33049950,18
ABHLD-422205,8905856241244,Lash Drama-Mini Lash Sculpt Mascara & Liquid liner Black (5ml+2.4 ml),Eye,Value Kit,Value Kit,Multi Color,5ml+2.4 ml ,Anastasia Beverly hills,33042000,18
ABHJC-855682,8905856241237,Jamun Crush-Matte Lipstick – Blackberry & Lipgloss crystal sample (3 gm+ 3.1 ml),Lips,Value Kit,Value Kit,Multi Color,3 gm+ 3.1 ml ,Anastasia Beverly hills,33041000,18
ABH01-87065,689304870658,Embers Mini Eye Shadow Palette,Eye,Eye shadow Palette,Embers Mini Eye Shadow Palette,Multi-Color,9.99 gm,Anastasia Beverly hills,33042000,18
ABH01-36312,689304363129,Hydra Prime SPF 50,Face Makeup,SPF 50 ,Hydra Prime SPF 50,White,50 ml,Anastasia Beverly hills,33049950,18
ABH01-33317,689304333177,Lip Liner-Cinnamon,Lips,Lip Liner,Lip liner,Cinnamon,1.49 gm,Anastasia Beverly hills,33041000,18
ABH01-33318,689304333184,Lip Liner-Midnight Rouge,Lips,Lip Liner,Lip liner,Midnight Rouge,1.49 gm,Anastasia Beverly hills,33041000,18
ABH01-33316,689304333160,Lip Liner-Stormy,Lips,Lip Liner,Lip liner,Stormy,1.49 gm,Anastasia Beverly hills,33041000,18
ABH01-33063,689304330633,Matte Lipstick- Peony,Lips,Lipstick,Matte Lipstick, Peony,3 gm,Anastasia Beverly hills,33041000,18
ABH01-33061,689304330619,Matte Lipstick- Spice,Lips,Lipstick,Matte Lipstick, Spice,3 gm,Anastasia Beverly hills,33041000,18
ABH01-33059,689304330596,Matte Lipstick-Soft Haze,Lips,Lipstick,Matte Lipstick,Soft Haze,3 gm,Anastasia Beverly hills,33041000,18
ABH01-33060,689304330602,Matte Lipstick- Mauve Cloud,Lips,Lipstick,Matte Lipstick, Mauve Cloud,3 gm,Anastasia Beverly hills,33041000,18
ABH01-33062,689304330626,Matte Lipstick- Hazelnut,Lips,Lipstick,Matte Lipstick, Hazelnut,3 gm,Anastasia Beverly hills,33041000,18
ABH01-33058,689304330589,Matte Lipstick-Berry Mocha,Lips,Lipstick,Matte Lipstick,Berry Mocha,3 gm,Anastasia Beverly hills,33041000,18
ABH01-01307,689304013079,MicroStroke Brow Pen-Dark Brown,Eye,Eyebrow,MicroStroke Brow Pen,Dark Brown,0.5 ml,Anastasia Beverly hills,33042000,18
ABH01-01305,689304013055,MicroStroke Brow Pen-Soft Brown,Eye,Eyebrow,MicroStroke Brow Pen,Soft Brown,0.5 ml,Anastasia Beverly hills,33042000,18
ABH01-01308,689304013086,MicroStroke Brow Pen-Ebony,Eye,Eyebrow,MicroStroke Brow Pen,Ebony,0.5 ml,Anastasia Beverly hills,33042000,18
ABH01-01306,689304013062,MicroStroke Brow Pen-Medium Brown,Eye,Eyebrow,MicroStroke Brow Pen,Medium Brown,0.5 ml,Anastasia Beverly hills,33042000,18
ABH99-00325,689304003254,ABH-Silicone Pouch,GWP,GWP,GWP,Black,1 N,Anastasia Beverly hills,39269099,18
ABH99-00326,689304003261,ABH-Neoprene bag,GWP,GWP,GWP,Black,1 N,Anastasia Beverly hills,42022290,18
ABH01-19280,689304192804,Clear Brow Gel,Eye,Eyebrow,Clear Brow Gel,Clear,6.75 ml,Anastasia Beverly hills,33042000,18
ABH01-19281,689304192828,Clear Brow Gel- Deluxe,Eye,Eyebrow,Mini Clear Brow Gel,Clear,2.5 ml,Anastasia Beverly hills,33042000,18
ABH01-19703,689304197038,Lip Liner-Deluxe- Dusty Rose-FG (Sample only),GWP,GWP,GWP,Dusty Rose,1.14 gm,Anastasia Beverly hills,33041000,18
99350168738,4064941112686,Kylie Cream Volume Mascara Black 001 12 ML,Eye,Mascara,Kylie Mascara Cream,Black,12 ml,Kylie Cosmetics,33042000,18
99350103344,4064941010517,Kylie Liquid Foundation Neutral 6.5N 30 ML,Face Makeup,Foundation,Kylie Foundation,6.5N,30 ml,Kylie Cosmetics,33049950,18
99350103088,4064941009696,Kylie Liquid Foundation Neutral 3N 30 ML,Face Makeup,Foundation,Kylie Foundation,3N,30 ml,Kylie Cosmetics,33049950,18
99350103349,4064941010562,Kylie Liquid Foundation Warm 7.5W 30 ML,Face Makeup,Foundation,Kylie Foundation,7.5W,30 ml,Kylie Cosmetics,33049950,18
99350103346,4064941010531,Kylie Liquid Foundation Warm Neutral 5WN 30 ML,Face Makeup,Foundation,Kylie Foundation,5WN,30 ml,Kylie Cosmetics,33049950,18
99350103339,4064941010463,Kylie Liquid Foundation Warm 6.5W 30 ML,Face Makeup,Foundation,Kylie Foundation,6.5W,30 ml,Kylie Cosmetics,33049950,18
99350103342,4064941010494,Kylie Liquid Foundation Neutral 5N 30 ML,Face Makeup,Foundation,Kylie Foundation,5N,30 ml,Kylie Cosmetics,33049950,18
99350103335,4064941010425,Kylie Liquid Foundation Warm 5W 30 ML,Face Makeup,Foundation,Kylie Foundation,5W,30 ml,Kylie Cosmetics,33049950,18
99350103091,4064941009726,Kylie Liquid Foundation Neutral 4N 30 ML,Face Makeup,Foundation,Kylie Foundation,4N,30 ml,Kylie Cosmetics,33049950,18
99350103340,4064941010470,Kylie Liquid Foundation Neutral 7N 30 ML,Face Makeup,Foundation,Kylie Foundation,7N,30 ml,Kylie Cosmetics,33049950,18
99350103343,4064941010500,Kylie Liquid Foundation Warm 6W 30 ML,Face Makeup,Foundation,Kylie Foundation,6W,30 ml,Kylie Cosmetics,33049950,18
99350103641,4064941011606,Kylie Liquid Foundation Warm 9W 30 ML,Face Makeup,Foundation,Kylie Foundation,9W,30 ml,Kylie Cosmetics,33049950,18
99350103094,4064941009757,Kylie Liquid Foundation Warm 4.5W 30 ML,Face Makeup,Foundation,Kylie Foundation,4.5W,30 ml,Kylie Cosmetics,33049950,18
99350103337,4064941010449,Kylie Liquid Foundation Warm 5.5W 30 ML,Face Makeup,Foundation,Kylie Foundation,5.5W,30 ml,Kylie Cosmetics,33049950,18
99350103083,4064941009641,Kylie Liquid Foundation Cold 2C 30 ML,Face Makeup,Foundation,Kylie Foundation,2C,30 ml,Kylie Cosmetics,33049950,18
99350103079,4064941009603,Kylie Liquid Foundation Warm 2W 30 ML,Face Makeup,Foundation,Kylie Foundation,2W,30 ml,Kylie Cosmetics,33049950,18
99350103092,4064941009733,Kylie Liquid Foundation Warm 3W 30 ML,Face Makeup,Foundation,Kylie Foundation,3W,30 ml,Kylie Cosmetics,33049950,18
99350103341,4064941010487,Kylie Liquid Foundation Cold 7.5C 30 ML,Face Makeup,Foundation,Kylie Foundation,7.5C,30 ml,Kylie Cosmetics,33049950,18
99350103336,4064941010432,Kylie Liquid Foundation Warm 7W 30 ML,Face Makeup,Foundation,Kylie Foundation,7W,30 ml,Kylie Cosmetics,33049950,18
99350103345,4064941010524,Kylie Liquid Foundation Cold 6C 30 ML,Face Makeup,Foundation,Kylie Foundation,6C,30 ml,Kylie Cosmetics,33049950,18
99350113102,4064941049036,"Kylie Concealers Liquid 3,5N 3,5N 5 ML",Face Makeup,Concealer,Kylie Concealer,"3,5N",5 ml,Kylie Cosmetics,33049950,18
99350113119,4064941049203,"Kylie Concealers Liquid 7,5W 7,5W 5 ML",Face Makeup,Concealer,Kylie Concealer,"7,5W",5 ml,Kylie Cosmetics,33049950,18
99350113110,4064941049111,Kylie Concealers Liquid 4Wn 4WN 5 ML,Face Makeup,Concealer,Kylie Concealer,4WN,5 ml,Kylie Cosmetics,33049950,18
99350113098,4064941048992,Kylie Concealers Liquid 2W 2W 5 ML,Face Makeup,Concealer,Kylie Concealer,2W,5 ml,Kylie Cosmetics,33049950,18
99350113114,4064941049159,Kylie Concealers Liquid 5Wn 5WN 5 ML,Face Makeup,Concealer,Kylie Concealer,5WN,5 ml,Kylie Cosmetics,33049950,18
99350113111,4064941049128,Kylie Concealers Liquid 5N 5N 5 ML,Face Makeup,Concealer,Kylie Concealer,5N,5 ml,Kylie Cosmetics,33049950,18
99350113122,4064941049234,Kylie Concealers Liquid 7W 7W 5 ML,Face Makeup,Concealer,Kylie Concealer,7W,5 ml,Kylie Cosmetics,33049950,18
99350113107,4064941049081,"Kylie Concealers Liquid 2,5N 2,5N 5 ML",Face Makeup,Concealer,Kylie Concealer,"2,5N",5 ml,Kylie Cosmetics,33049950,18
99350113115,4064941049166,Kylie Concealers Liquid 6W 6W 5 ML,Face Makeup,Concealer,Kylie Concealer,6W,5 ml,Kylie Cosmetics,33049950,18
99350113117,4064941049180,Kylie Concealers Liquid 7N 7N 5 ML,Face Makeup,Concealer,Kylie Concealer,7N,5 ml,Kylie Cosmetics,33049950,18
99350113105,4064941049067,Kylie Concealers Liquid 3N 3N 5 ML,Face Makeup,Concealer,Kylie Concealer,3N,5 ml,Kylie Cosmetics,33049950,18
99350113108,4064941049098,Kylie Concealers Liquid 6C 6C 5 ML,Face Makeup,Concealer,Kylie Concealer,6C,5 ml,Kylie Cosmetics,33049950,18
99350102824,4064941008774,Kylie Crème Lipstick Regular In My Bag 115 3.5 G,Lips,Lipstick,Kylie Crème Lipstick,My Bag,3.5 G gm,Kylie Cosmetics,33041000,18
99350102826,4064941008798,Kylie Crème Lipstick Regular Been A Minute 509 3.5 G,Lips,Lipstick,Kylie Crème Lipstick,Been A Minute ,3.5 G gm,Kylie Cosmetics,33041000,18
99350102829,4064941008828,Kylie Crème Lipstick Regular Talk Is Cheap 510 3.5 G,Lips,Lipstick,Kylie Crème Lipstick,Talk Is Cheap,3.5 G gm,Kylie Cosmetics,33041000,18
99350102831,4064941008842,Kylie Crème Lipstick Regular Not Sorry 333 3.5 G,Lips,Lipstick,Kylie Crème Lipstick, Not Sorry,3.5 G gm,Kylie Cosmetics,33041000,18
99350102857,4064941009108,Kylie Gel Pencil Gel Matte Dark Brown 003 1.2 G,Eye,Eyebrow,Kylie Gel Pencil,Dark Brown,1.2 G gm,Kylie Cosmetics,33042000,18
99350102867,4064941009245,Kylie Gel Pencil Gel Matte Black 001 1.2 G,Eye,Eyebrow,Kylie Gel Pencil,Black,1.2 G gm,Kylie Cosmetics,33042000,18
99350103514,4064941011026,Kylie High Gloss Liquid Klear 317 3.30ML,Lips,Lip Gloss,Kylie High Gloss,Klear,3.3 ml,Kylie Cosmetics,33041000,18
99350103516,4064941011040,Kylie High Gloss Liquid Koko K 300 3.30ML,Lips,Lip Gloss,Kylie High Gloss,Koko K,3.3 ml,Kylie Cosmetics,33041000,18
99350103517,4064941011057,Kylie High Gloss Liquid Diva 319 3.30ML,Lips,Lip Gloss,Kylie High Gloss,Diva,3.3 ml,Kylie Cosmetics,33041000,18
99350103522,4064941011101,Kylie High Gloss Liquid Daddy'S Girl 323 3.30ML,Lips,Lip Gloss,Kylie High Gloss,Daddy'S Girl,3.3 ml,Kylie Cosmetics,33041000,18
99350103523,4064941011118,Kylie High Gloss Liquid Damn Gina 324 3.30ML,Lips,Lip Gloss,Kylie High Gloss,Damn Gina,3.3 ml,Kylie Cosmetics,33041000,18
99350102956,4064941009559,Kylie Liquid Pen Liquid Black 001 .30ML,Eye,Eyebrow,Kylie Liquid Pen,Black,.30ML ml,Kylie Cosmetics,33042000,18
99350108995,4064941033585,Kylie Loose Powder Loose Powder Beige 400 5G,Face Makeup,Loose Powder,Kylie Loose Powder,Beige,5G gm,Kylie Cosmetics,330491,5
99350108997,4064941033608,Kylie Loose Powder Loose Powder Translucent 100 5G,Face Makeup,Loose Powder,Kylie Loose Powder,Translucent,5G gm,Kylie Cosmetics,330491,5
99350108999,4064941033622,Kylie Loose Powder Loose Powder Soft Pink 200 5G,Face Makeup,Loose Powder,Kylie Loose Powder,Soft Pink,5G gm,Kylie Cosmetics,330491,5
99350102416,4064941006657,Kylie Matte Lip Kit Lips - Multi Kylie 808 3ML + 1.1g,Lips,Value Kit,Kylie Matte Lip Kit,Kylie 808,3ML + 1.1g ml,Kylie Cosmetics,33041000,18
99350102418,4064941006671,Kylie Matte Lip Kit Lips - Multi Candy K 802 3ML + 1.1g,Lips,Value Kit,Kylie Matte Lip Kit,Candy K 802,3ML + 1.1g ml,Kylie Cosmetics,33041000,18
99350102453,4064941006756,Kylie Matte Lip Kit Lips - Multi Autumn 505 3 ML + 1.1 G,Lips,Value Kit,Kylie Matte Lip Kit,Autumn 505,3ML + 1.1g ml,Kylie Cosmetics,33041000,18
99350102455,4064941006770,Kylie Matte Lip Kit Lips - Multi Kristen 500 3 ML + 1.1 G,Lips,Value Kit,Kylie Matte Lip Kit,Kristen 500,3ML + 1.1g ml,Kylie Cosmetics,33041000,18
99350102591,4064941006800,Kylie Matte Lip Kit Lips - Multi Snow Way Bae 302 3ML + 1.1g,Lips,Value Kit,Kylie Matte Lip Kit,Snow Way Bae 302,3ML + 1.1g ml,Kylie Cosmetics,33041000,18
99350102593,4064941006824,Kylie Matte Lip Kit Lips - Multi Koko K 300 3ML + 1.1g,Lips,Value Kit,Kylie Matte Lip Kit,Koko K 300,3ML + 1.1g ml,Kylie Cosmetics,33041000,18
99350102600,4064941006893,Kylie Matte Lip Kit Lips - Multi Extraordinary 102 3 ML + 1.1 G,Lips,Value Kit,Kylie Matte Lip Kit,Extraordinary 102,3ML + 1.1g ml,Kylie Cosmetics,33041000,18
99350102602,4064941006916,Kylie Matte Lip Kit Lips - Multi Better Not Pout 103 3ML + 1.1g,Lips,Value Kit,Kylie Matte Lip Kit,Better Not Pout 103,3ML + 1.1g ml,Kylie Cosmetics,33041000,18
99350102586,4064941008552,Kylie Matte Lip Kit Lips - Multi Bite Me 403 3ML + 1.1g,Lips,Value Kit,Kylie Matte Lip Kit,Bite Me 403,3ML + 1.1g ml,Kylie Cosmetics,33041000,18
99350102587,4064941008569,Kylie Matte Lip Kit Lips - Multi Mary Jo K 402 3ML + 1.1g,Lips,Value Kit,Kylie Matte Lip Kit,Mary Jo K 402,3ML + 1.1g ml,Kylie Cosmetics,33041000,18
99350102589,4064941008583,Kylie Matte Lip Kit Lips - Multi Boss 400 3 ML + 1.1 G,Lips,Value Kit,Kylie Matte Lip Kit,Boss 400,3ML + 1.1g ml,Kylie Cosmetics,33041000,18
99350103020,4064941008675,Kylie Matte Lip Kit Lips - Multi Bare 700 3ML + 1.1g,Lips,Value Kit,Kylie Matte Lip Kit,Bare 700,3ML + 1.1g ml,Kylie Cosmetics,33041000,18
99350103021,4064941008682,Kylie Matte Lip Kit Lips - Multi Sweater Weather 704 3ML + 1.1g,Lips,Value Kit,Kylie Matte Lip Kit,Sweater Weather 704,3ML + 1.1g ml,Kylie Cosmetics,33041000,18
99350102966,4064941009597,Kylie Matte Lipstick Matt Kylie 808 3.5 G,Lips,Lipstick,Kylie Matte Lipstick,Kylie,3.5 G gm,Kylie Cosmetics,33041000,18
99350103135,4064941009863,Kylie Matte Lipstick Matt An Apple A Day 410 3.5 G,Lips,Lipstick,Kylie Matte Lipstick,Apple A Day ,3.5 G gm,Kylie Cosmetics,33041000,18
99350103139,4064941009900,Kylie Matte Lipstick Matt Here For It 328 3.5 G,Lips,Lipstick,Kylie Matte Lipstick,Here For It,3.5 G gm,Kylie Cosmetics,33041000,18
99350102621,4064941007067,Kylie Matte Liquid Lipstick Liquid Candy K 802 3.0ML,Lips,Liquid Lipstick,Kylie Matte Liquid Lipstick,Candy K,3.0ML ml,Kylie Cosmetics,33041000,18
99350102627,4064941007128,Kylie Matte Liquid Lipstick Liquid Bare 700 3.0ML,Lips,Liquid Lipstick,Kylie Matte Liquid Lipstick,Bare,3.0ML ml,Kylie Cosmetics,33041000,18
99350102742,4064941007500,Kylie Matte Liquid Lipstick Liquid Mary Jo K 402 3.0ML,Lips,Liquid Lipstick,Kylie Matte Liquid Lipstick,Mary Jo K,3.0ML ml,Kylie Cosmetics,33041000,18
99350102744,4064941007524,Kylie Matte Liquid Lipstick Liquid Angel 301 3.0ML,Lips,Liquid Lipstick,Kylie Matte Liquid Lipstick,Angel,3.0ML ml,Kylie Cosmetics,33041000,18
99350102751,4064941007579,Kylie Matte Liquid Lipstick Liquid Posie K 100 3.0ML,Lips,Liquid Lipstick,Kylie Matte Liquid Lipstick,Posie K,3.0ML ml,Kylie Cosmetics,33041000,18
99350128417,4064941078074,Kylie Plumping Gloss Moody Queen 110 3.22 ML,Lips,Lip Gloss,Kylie Plumping Gloss,Moody Queen,3.22 ML ml,Kylie Cosmetics,33041000,18
99350128406,4064941078081,Kylie Plumping Gloss Rose' And Chill 343 3.22 ML,Lips,Lip Gloss,Kylie Plumping Gloss,Rose' And Chill,3.22 ML ml,Kylie Cosmetics,33041000,18
99350128405,4064941078098,Kylie Plumping Gloss Curve Him 618 3.22 ML,Lips,Lip Gloss,Kylie Plumping Gloss,Curve Him,3.22 ML ml,Kylie Cosmetics,33041000,18
99350103299,4064941008477,Kylie Blush Powder Blusher Crush 727 10G,Face Makeup,Powder Blush,Kylie Powder Blush,Crush,10G gm,Kylie Cosmetics,330491,5
99350103303,4064941008514,Kylie Blush Powder Blusher Baddie On The Block 335 10G,Face Makeup,Powder Blush,Kylie Powder Blush,Baddie On The Block,10G gm,Kylie Cosmetics,330491,5
99350103304,4064941008521,Kylie Blush Powder Blusher Pink Power 334 10G,Face Makeup,Powder Blush,Kylie Powder Blush,Pink Power,10G gm,Kylie Cosmetics,330491,5
99350102932,4064941008354,Kylie Powder Bronzer Pressed Bronzer Toasty 300 10G,Face Makeup,Bronzer,Kylie Powder Bronzer,Toasty 300,10G gm,Kylie Cosmetics,330491,5
99350102914,4064941008194,Kylie Highlighter Pressed Powder Cheers Darling 050 8G,Face Makeup,Highlighter,Kylie Powder Highlighter,Cheers Darling,8G gm,Kylie Cosmetics,330491,5
99350102915,4064941008200,Kylie Highlighter Pressed Powder Ice Me Out 020 8G,Face Makeup,Highlighter,Kylie Powder Highlighter,Ice Me Out,8G gm,Kylie Cosmetics,330491,5
99350104220,4064941031710,Kylie Setting Spray Setting spray 100 ML,Face Makeup,Setting Spray,Kylie Setting Spray,Clear,100 ML ml,Kylie Cosmetics,33049950,18
99350102609,4064941006985,Kylie Velvet Lip Kit Lips - Multi Charm 705 3 ML + 1.1 G,Lips,Value Kit,Kylie Velvet Lip Kit,Charm,3ML + 1.1g ml,Kylie Cosmetics,33041000,18
99350102610,4064941006992,Kylie Velvet Lip Kit Lips - Multi Bare 700 3 ML + 1.1 G,Lips,Value Kit,Kylie Velvet Lip Kit,Bare,3ML + 1.1g ml,Kylie Cosmetics,33041000,18
99350102612,4064941008606,Kylie Velvet Lip Kit Lips - Multi Red Velvet 405 3 ML + 1.1 G,Lips,Value Kit,Kylie Velvet Lip Kit,Red Velvet,3ML + 1.1g ml,Kylie Cosmetics,33041000,18
99350102613,4064941008613,Kylie Velvet Lip Kit Lips - Multi Harmony 305 3 ML + 1.1 G,Lips,Value Kit,Kylie Velvet Lip Kit,Harmony,3ML + 1.1g ml,Kylie Cosmetics,33041000,18
99350102615,4064941008637,Kylie Velvet Lip Kit Lips - Multi Party Girl 203 3 ML + 1.1 G,Lips,Value Kit,Kylie Velvet Lip Kit,Party Girl,3ML + 1.1g ml,Kylie Cosmetics,33041000,18
99350102616,4064941008644,Kylie Velvet Lip Kit Lips - Multi Posie K 100 3ML + 1.1g,Lips,Value Kit,Kylie Velvet Lip Kit,Posie K,3ML + 1.1g ml,Kylie Cosmetics,33041000,18
99350103093,4064941009740,Kylie Liquid Foundation Warm 3.5W 30 ML,Face Makeup,Foundation,Kylie Foundation,3.5W,30 ML ml,Kylie Cosmetics,33049950,18
99350109117,4064941038931,Kylie GWP Skin LED Mirror,GWP,GWP,GWP,Pink,1 N,Kylie Cosmetics,70099200,18
99350195630,4064941136873,Kylie Mascara GWP mini Sample Lash Card 1 ML,GWP,GWP,GWP,Black,1 N,Kylie Cosmetics,33042000,18
99350133106,4064941085812,Kylie Accessories GWP Lip phone Grip,GWP,GWP,GWP,Pink,1 N,Kylie Cosmetics,71179090,3
99350133068,4064941085997,Kylie Accessories GWP Pouch ,GWP,GWP,GWP,Pink,1 N,Kylie Cosmetics,70099200,18
99350124594,4064941076278,Kylie Cotton Pads,GWP,GWP,GWP,Pink,1 N,Kylie Cosmetics,56012110,5
99350102856,4064941009092,Kylie Gel Pencil Matte Brown 004 1.2 G,Eye,Eyebrow,Kylie Gel Pencil,Matte Brown,1.2 gm,Kylie Cosmetics,33042000,18
99350103505,4064941010937,Kylie High Gloss Liquid Oh You Fancy? 810 3 G,Lips,Lip Gloss,Kylie High Gloss,Oh You Fancy?,3.3 ml,Kylie Cosmetics,33041000,18
99350128402,4064941078128,Kylie Plumping Gloss  Bubbly 818 3.22 ML,Lips,Lip Gloss,Kylie Plumping Gloss,Bubbly,3.22 ml,Kylie Cosmetics,33041000,18
99350128403,4064941078104,Kylie Plumping Gloss  Not Your Bae 732 3.22 ML,Lips,Lip Gloss,Kylie Plumping Gloss,Not Your Bae,3.22 ml,Kylie Cosmetics,33041000,18
99350135131,4064941083924,Lips Multi Lips - Multi Sister Sister 729 3 ML + 1.1 G,Lips,Value Kit,Kylie Multi Lip Kit,Sister Sister,3 ML + 1.1 G ,Kylie Cosmetics,33041000,18
99350140242,4064941088790,Lips Multi Lip Care She'S Lovely 619 2.4 G,Lips,Lip Balm,Lip Care,She'S Lovely,2.4 gm,Kylie Cosmetics,33049950,18
99350140243,4064941088806,Lips Multi Lip Care That'S Tea 211 2.4 G,Lips,Lip Balm,Lip Care,That'S Tea,2.4 gm,Kylie Cosmetics,33049950,18
99350140244,4064941088813,Lips Multi Lip Care Kylie 808 2.4 G,Lips,Lip Balm,Lip Care,Kylie,2.4 gm,Kylie Cosmetics,33049950,18
99350140245,4064941088820,Lips Multi Lip Care Moving On 420 2.4 G,Lips,Lip Balm,Lip Care,Moving On,2.4 gm,Kylie Cosmetics,33049950,18
99350170533,4064941114048,"KYLIE Skin Passion Fruit Lip Oil, 6ml",Lips,Lip Oil,Lip Oil,Passion Fruit,6 ml,Kylie Cosmetics,33049950,18
99350177537,4064941117223,Kylie High Gloss Mary Jo K 402 3.3 ML,Lips,Lip Gloss,Kylie High Gloss,Mary Jo K,3.3 ml,Kylie Cosmetics,33041000,18
99350184599,3616304916267,"KYLIE Skin Coconut Lip Oil, 6ml",Lips,Lip Oil,Lip Oil,Coconut,6 ml,Kylie Cosmetics,33049950,18
99350184601,3616304916281,"KYLIE Skin Watermelon Lip Oil, 6ml",Lips,Lip Oil,Lip Oil,Watermelon,6 ml,Kylie Cosmetics,33049950,18
99350145935,4064941092803,Kylie E/S Palette Palettes Mauve Nudes 002 16 G,Eye,Eye shadow Palette,Mauve Palettes ,Multi-Color,16 gm,Kylie Cosmetics,33042000,18
99350177666,4064941117254,Accesories Concealer Brush,Accessories,Makeup Brush,Accesories,,1 N,Kylie Cosmetics,33042000,18
99350177667,4064941117261,Accesories Brushes- 01,Accessories,Makeup Brush,Accesories,1,1 N,Kylie Cosmetics,33042000,18
99350167425,4064941111504,Fragrances Cosmic Eau de Parfum 50 ML,Skincare,EDP,Fragrances,,50 ml,Kylie Cosmetics,33030010,18
99350167439,4064941111719,Fragrances Cosmic Eau de Parfum 100 ML,Skincare,EDP,Fragrances,,100 ml,Kylie Cosmetics,33030010,18
99350102603,4064941006923,Kylie Matte Lip Kit Lips - Multi Posie K 100 3.25 G + 1 G,Lips,Value Kit,Kylie Matte Lip Kit,Posie K 100,3.25 G + 1 G ml,Kylie Cosmetics,33041000,18
99350102634,4064941007197,Kylie Matte Liquid Lipstick Liquid Kristen 500 3.25 G,Lips,Liquid Lipstick,Kylie Matte Liquid Lipstick,Kristen,3.25 gm,Kylie Cosmetics,33041000,18
99350167430,4064941111559,Fragrances Cosmic Eau de Parfum 10 ML,Skincare,EDP,Fragrances,,10 ml,Kylie Cosmetics,33030010,18
99350177015,4064941116219,Fragrances Cosmic Eau de Parfum 30 ML,Skincare,EDP,Fragrances,,30 ml,Kylie Cosmetics,33030010,18
99350217176,4064941156826,"Cosmic Kylie Jenner 2.0 Eau de Parfum, 30ml",Skincare,EDP,Fragrances,,30 ml,Kylie Cosmetics,33030010,18
99350217177,4064941156833,"Cosmic Kylie Jenner 2.0 Eau de Parfum, 50ml",Skincare,EDP,Fragrances,,50 ml,Kylie Cosmetics,33030010,18
99350217178,4064941156840,"Cosmic Kylie Jenner 2.0 Eau de Parfum, 100ml",Skincare,EDP,Fragrances,,100 ml,Kylie Cosmetics,33030010,18
99350221058,4064941158943,"Cosmic Kylie Jenner 2.0 Eau de Parfum Pen Spray, 10ml",Skincare,EDP,Fragrances,,10 ml,Kylie Cosmetics,33030010,18
99350226812,4064941164661,KJ Cosmic FLANKER Eau de Parfum Sample,Skincare,EDP,Fragrances,,1.2 ml,Kylie Cosmetics,33030010,18
99350181649,4064941118923,"Kylie Cosmetics Lip & Cheek Blush Tint - All Things Pink, 9ml (.3oz)",Face Makeup,Blush,Lip & Cheek Blush Tint,All Things Pink,9 ml,Kylie Cosmetics,33041000,18
99350181650,4064941118930,"Kylie Cosmetics Lip & Cheek Blush Tint - Glow Away, 9ml (.3oz)",Face Makeup,Blush,Lip & Cheek Blush Tint,Glow Away,9 ml,Kylie Cosmetics,33041000,18
99350181651,4064941118947,"Kylie Cosmetics Lip & Cheek Blush Tint - Dazed, 9ml (.3oz)",Face Makeup,Blush,Lip & Cheek Blush Tint,Dazed,9 ml,Kylie Cosmetics,33041000,18
99350181652,4064941118954,"Kylie Cosmetics Lip & Cheek Blush Tint - She's It, 9ml (.3oz)",Face Makeup,Blush,Lip & Cheek Blush Tint,She's It,9 ml,Kylie Cosmetics,33041000,18
99350181888,4064941119425,"Kylie Cosmetics Lip & Cheek Blush Tint - Pretty In Neutral, 9ml (.3oz)",Face Makeup,Blush,Lip & Cheek Blush Tint,Pretty In Neutral,9 ml,Kylie Cosmetics,33041000,18
99350194107,4064941615118,"Kylie Cosmetics Plumping Powder Matte Lip - Craving Cherry, 3ml",Lips,Liquid Lipstick,Blurred Liquid Lipstick,Craving Cherry,3 ml,Kylie Cosmetics,33041000,18
99350194108,4064941615125,"Kylie Cosmetics Plumping Powder Matte Lip - Girl's Girl, 3ml",Lips,Liquid Lipstick,Blurred Liquid Lipstick,Girl's Girl,3 ml,Kylie Cosmetics,33041000,18
99350194109,4064941615132,"Kylie Cosmetics Plumping Powder Matte Lip - Nude Mood, 3ml",Lips,Liquid Lipstick,Blurred Liquid Lipstick,Nude Mood,3 ml,Kylie Cosmetics,33041000,18
99350194110,4064941615149,"Kylie Cosmetics Plumping Powder Matte Lip - Special Energy, 3ml",Lips,Liquid Lipstick,Blurred Liquid Lipstick,Special Energy,3 ml,Kylie Cosmetics,33041000,18
99350194111,4064941615156,"Kylie Cosmetics Plumping Powder Matte Lip - Sweet Talk, 3ml",Lips,Liquid Lipstick,Blurred Liquid Lipstick,Sweet Talk,3 ml,Kylie Cosmetics,33041000,18
99350194237,4064941615170,"Kylie Cosmetics Plumping Powder Matte Lip - Chocolate Teddy, 3ml",Lips,Liquid Lipstick,Blurred Liquid Lipstick,Chocolate Teddy,3 ml,Kylie Cosmetics,33041000,18
99350194307,4064941130697,Kylie Cosmetics Supple Kiss Lip Glaze Gloss Like Magic 002,Lips,Lip Gloss,Supple Kiss Lip Glaze,Like Magic 002,3 ml,Kylie Cosmetics,33049950,18
99350194308,4064941130703,Kylie Cosmetics Supple Kiss Lip Glaze Gloss Rose Bloom 003,Lips,Lip Gloss,Supple Kiss Lip Glaze,Rose Bloom 003,3 ml,Kylie Cosmetics,33049950,18
99350194309,4064941130710,Kylie Cosmetics Supple Kiss Lip Glaze Gloss Nude Kiss 004,Lips,Lip Gloss,Supple Kiss Lip Glaze,Nude Kiss 004,3 ml,Kylie Cosmetics,33049950,18
99350194310,4064941130680,Kylie Cosmetics Supple Kiss Lip Glaze Gloss All Yours 001,Lips,Lip Gloss,Supple Kiss Lip Glaze,All Yours 001,3 ml,Kylie Cosmetics,33049950,18
99350195626,4064941136835,"Kylie Cosmetics Wisp Lash Mascara - Black, 12ml (0.4oz)",Eye,Mascara,Mascara,Black,12 ml,Kylie Cosmetics,33042000,18
99350221247,4064941161349,Kylie Cosmetics Skin Tint Brush 03,Accessories,Makeup Brush,Accesories,3,1 N,Kylie Cosmetics,96033090,18
99350232710,4064941136552,"Kylie Cosmetics Skin Tint Blurring Elixir Foundation - 2C, 30ml",Face Makeup,Foundation,Skin Tint Foundation,2C,30 ml,Kylie Cosmetics,33049950,18
99350232712,4064941136743,"Kylie Cosmetics Skin Tint Blurring Elixir Foundation - 3WN, 30ml",Face Makeup,Foundation,Skin Tint Foundation,3WN,30 ml,Kylie Cosmetics,33049950,18
99350232713,4064941136736,"Kylie Cosmetics Skin Tint Blurring Elixir Foundation - 2.5N, 30ml",Face Makeup,Foundation,Skin Tint Foundation,2.5N,30 ml,Kylie Cosmetics,33049950,18
99350232716,4064941136682,"Kylie Cosmetics Skin Tint Blurring Elixir Foundation - 8W, 30ml",Face Makeup,Foundation,Skin Tint Foundation,8W,30 ml,Kylie Cosmetics,33049950,18
99350232720,4064941136637,"Kylie Cosmetics Skin Tint Blurring Elixir Foundation - 5N, 30ml",Face Makeup,Foundation,Skin Tint Foundation,5N,30 ml,Kylie Cosmetics,33049950,18
99350232726,4064941136729,"Kylie Cosmetics Skin Tint Blurring Elixir Foundation - 6.5 WN, 30ml",Face Makeup,Foundation,Skin Tint Foundation,6.5WN,30 ml,Kylie Cosmetics,33049950,18
99350232728,4064941136606,"Kylie Cosmetics Skin Tint Blurring Elixir Foundation - 6W, 30ml",Face Makeup,Foundation,Skin Tint Foundation,6W,30 ml,Kylie Cosmetics,33049950,18
99350232730,4064941136699,"Kylie Cosmetics Skin Tint Blurring Elixir Foundation - 8WN, 30ml",Face Makeup,Foundation,Skin Tint Foundation,8WN,30 ml,Kylie Cosmetics,33049950,18
99350232731,4064941136620,"Kylie Cosmetics Skin Tint Blurring Elixir Foundation - 7W, 30ml",Face Makeup,Foundation,Skin Tint Foundation,7W,30 ml,Kylie Cosmetics,33049950,18
99350170532,4064941114031,"KYLIE Skin Pomegranate Lip Oil, 6ml",Lips,Lip Oil,Lip Oil,Pomegranate,6 ml,Kylie Cosmetics,33049950,18
99350178428,4064941118183,Kylie High Gloss Kylie 808 3.3 ML,Lips,Lip Gloss,Kylie High Gloss,Kylie 808,3.3 ml,Kylie Cosmetics,33041000,18
99350194313,4064941615200,"Kylie Cosmetics Natural Blur Powder Foundation - 2WN, 10g",Face Makeup,Foundation,Kylie Compact Foundation,2WN,10 gm,Kylie Cosmetics,33049950,18
99350194316,4064941615231,"Kylie Cosmetics Natural Blur Powder Foundation - 3WN, 10g",Face Makeup,Foundation,Kylie Compact Foundation,3WN,10 gm,Kylie Cosmetics,33049950,18
99350236134,4064941615347,"Kylie Cosmetics Natural Blur Powder Foundation - 3N, 10g",Face Makeup,Foundation,Kylie Compact Foundation,3N,10 gm,Kylie Cosmetics,33049950,18
99350194320,4064941615279,"Kylie Cosmetics Natural Blur Powder Foundation - 2C, 10g",Face Makeup,Foundation,Kylie Compact Foundation,2C,10 gm,Kylie Cosmetics,33049950,18
99350194311,4064941615187,"Kylie Cosmetics Natural Blur Powder Foundation - 3C, 10g",Face Makeup,Foundation,Kylie Compact Foundation,3C,10 gm,Kylie Cosmetics,33049950,18
99350194326,4064941615330,"Kylie Cosmetics Natural Blur Powder Foundation - 5WN, 10g",Face Makeup,Foundation,Kylie Compact Foundation,5WN,10 gm,Kylie Cosmetics,33049950,18
99350194329,4064941615361,"Kylie Cosmetics Natural Blur Powder Foundation - 5N, 10g",Face Makeup,Foundation,Kylie Compact Foundation,5N,10 gm,Kylie Cosmetics,33049950,18
99350194318,4064941615255,"Kylie Cosmetics Natural Blur Powder Foundation - 4WN, 10g",Face Makeup,Foundation,Kylie Compact Foundation,4WN,10 gm,Kylie Cosmetics,33049950,18
99350194325,4064941615323,"Kylie Cosmetics Natural Blur Powder Foundation - 5C, 10g",Face Makeup,Foundation,Kylie Compact Foundation,5C,10 gm,Kylie Cosmetics,33049110,18
99350194312,4064941615194,"Kylie Cosmetics Natural Blur Powder Foundation - 6W, 10g",Face Makeup,Foundation,Kylie Compact Foundation,6W,10 gm,Kylie Cosmetics,33049110,18
99350194333,4064941615408,"Kylie Cosmetics Natural Blur Powder Foundation - 6WN, 10g",Face Makeup,Foundation,Kylie Compact Foundation,6WN,10 gm,Kylie Cosmetics,33049950,18
99350194332,4064941615392,"Kylie Cosmetics Natural Blur Powder Foundation - 6N, 10g",Face Makeup,Foundation,Kylie Compact Foundation,6N,10 gm,Kylie Cosmetics,33049110,18
99350194314,4064941615217,"Kylie Cosmetics Natural Blur Powder Foundation - 8C, 10g",Face Makeup,Foundation,Kylie Compact Foundation,8C,10 gm,Kylie Cosmetics,33049110,18
99350194317,4064941615248,"Kylie Cosmetics Natural Blur Powder Foundation - 7W, 10g",Face Makeup,Foundation,Kylie Compact Foundation,7W,10 gm,Kylie Cosmetics,33049950,18
99350194322,4064941615293,"Kylie Cosmetics Natural Blur Powder Foundation - 3W, 10g",Face Makeup,Foundation,Kylie Compact Foundation,3W,10 gm,Kylie Cosmetics,33049950,18
99350194306,4064941130727,KC  Supple Kiss Lip Glaze Gloss Lovable Girl 005,Lips,Lip Gloss,Supple Kiss Lip Glaze,Lovable Girl,3 ml,Kylie Cosmetics,33041000,18
99350103080,4064941009610,"Kylie Cosmetics PP Longwear Foundation - 1W, 30ml",Face Makeup,Foundation,Foundation,1W,30 ml,Kylie Cosmetics,33049910,18
99350103081,4064941009627,"Kylie Cosmetics PP Longwear Foundation - 1.5W, 30ml",Face Makeup,Foundation,Foundation,1W,30 ml,Kylie Cosmetics,33049910,18
99350103082,4064941009634,"Kylie Cosmetics PP Longwear Foundation - 2.5W, 30ml",Face Makeup,Foundation,Foundation,1.5W,30 ml,Kylie Cosmetics,33049910,18
99350103085,4064941009665,"Kylie Cosmetics PP Longwear Foundation - 4.5C, 30ml",Face Makeup,Foundation,Foundation,2.5W,30 ml,Kylie Cosmetics,33049910,18
99350103086,4064941009672,"Kylie Cosmetics PP Longwear Foundation - 1N, 30ml",Face Makeup,Foundation,Foundation,1N,30 ml,Kylie Cosmetics,33049910,18
99350103087,4064941009689,"Kylie Cosmetics PP Longwear Foundation - 2.5N, 30ml",Face Makeup,Foundation,Foundation,2.5N,30 ml,Kylie Cosmetics,33049910,18
99350113101,4064941049029,Kylie Cosmetics PP Longwear Concealer - 2N,Face Makeup,Concealer,Kylie Concealer,2N,5 ml,Kylie Cosmetics,33049910,18
99350113103,4064941049043,Kylie Cosmetics PP Longwear Concealer - 4W,Face Makeup,Concealer,Kylie Concealer,4W,5 ml,Kylie Cosmetics,33049910,18
99350113104,4064941049050,Kylie Cosmetics PP Longwear Concealer - 5W,Face Makeup,Concealer,Kylie Concealer,5W,5 ml,Kylie Cosmetics,33049910,18
99350113109,4064941049104,Kylie Cosmetics PP Longwear Concealer - 4.5C,Face Makeup,Concealer,Kylie Concealer,4.5C,5 ml,Kylie Cosmetics,33049910,18
99350113112,4064941049135,Kylie Cosmetics PP Longwear Concealer - 5.5WN,Face Makeup,Concealer,Kylie Concealer,5.5WN,5 ml,Kylie Cosmetics,33049910,18
99350194248,4064941008699,Matte Liquid Lipstick & Lip Liner Duo-703,Lips,Value Kit,Value Kit,Multi Color,3.25 gm + 1 gm ml,Kylie Cosmetics,33041000,18
99350232717,4064941136712,"Kylie Cosmetics Skin Tint Blurring Elixir Foundation - 6N, 30ml",Face Makeup,Foundation,Skin Tint Foundation,6N,30 ml,Kylie Cosmetics,33049950,18
99350195336,4064941133551,Kylie Cosmetics Supple Kiss Lip Glaze Lip Gloss - Lover Girl,Lips,Lip Gloss,Supple Kiss Lip Glaze,Lover Girl,3 ml,Kylie Cosmetics,33041000,18
99350232711,4064941136651,Kylie Cosmetics Skin Tint Blurring Elixir Foundation - 2W,Face Makeup,Tint Foundation,Skin Tint Foundation,2W,30 ml,Kylie Cosmetics,33049950,18
99350170531,4064941114024,"KYLIE Skin Strawberry Lip Oil, 6ml",Lips,Lip Oil,Lip Oil,Strawberry,6 ml,Kylie Cosmetics,33041000,18
99350233737,4064941176350,Kylie Cosmetics Glossy Lip Kit - Kylie,Lips,Value Kit,Glossy Lip Kit,Kylie,3ML + 1.14g ,Kylie Cosmetics,33041000,18
99350233738,4064941176367,Kylie Cosmetics Glossy Lip Kit - Candy Pink,Lips,Value Kit,Glossy Lip Kit,Candy Pink,3ML + 1.14g ,Kylie Cosmetics,33041000,18
99350233739,4064941176374,Kylie Cosmetics Glossy Lip Kit - Dolce K,Lips,Value Kit,Glossy Lip Kit,Dolce K,3ML + 1.14g ,Kylie Cosmetics,33041000,18
99350233740,4064941176381,Kylie Cosmetics Glossy Lip Kit - Coconut 2.0,Lips,Value Kit,Glossy Lip Kit,Coconut 2.0,3ML + 1.14g ,Kylie Cosmetics,33041000,18
99350233741,4064941176398,Kylie Cosmetics Glossy Lip Kit - Espresso,Lips,Value Kit,Glossy Lip Kit,Espresso,3ML + 1.14g ,Kylie Cosmetics,33041000,18
99350211824,4064941147084,Kylie Cosmetics Hybrid Blush - Summer Sorbet,Face Makeup,Blush,Hybrid Blush,Summer Sorbet,2.5 gm,Kylie Cosmetics,330491,5
99350211825,4064941147091,Kylie Cosmetics Hybrid Blush - Pink Please,Face Makeup,Blush,Hybrid Blush,Pink Please,2.5 gm,Kylie Cosmetics,330491,5
99350211826,4064941147107,Kylie Cosmetics Hybrid Blush - Petal,Face Makeup,Blush,Hybrid Blush,Petal,2.5 gm,Kylie Cosmetics,330491,5
99350211827,4064941147114,Kylie Cosmetics Hybrid Blush - Winter Kissed 2.0,Face Makeup,Blush,Hybrid Blush,Winter Kissed 2.0,2.5 gm,Kylie Cosmetics,330491,5
99350211828,4064941147121,Kylie Cosmetics Hybrid Blush - Slow Jam,Face Makeup,Blush,Hybrid Blush,Slow Jam,2.5 gm,Kylie Cosmetics,330491,5
99350211829,4064941147138,Kylie Cosmetics Hybrid Blush - Cheeky Mood,Face Makeup,Blush,Hybrid Blush,Cheeky Mood,2.5 gm,Kylie Cosmetics,330491,5
99350211830,4064941147145,Kylie Cosmetics Hybrid Blush - Sienna,Face Makeup,Blush,Hybrid Blush,Sienna,2.5 gm,Kylie Cosmetics,330491,5
99350211831,4064941147152,Kylie Cosmetics Hybrid Blush - Ladybug,Face Makeup,Blush,Hybrid Blush,Ladybug,2.5 gm,Kylie Cosmetics,330491,5
99350232722,4064941136705,Kylie Cosmetics Skin Tint Blurring Elixir Foundation - 4.5WN,Face Makeup,Tint Foundation,Skin Tint Foundation,4.5WN,30 ml,Kylie Cosmetics,33049950,18
99350207590,4064941143802,KC Spl. Kiss Lip Glaze Gloss Mini Like Magic 002,GWP,GWP,GWP,Like Magic,0.6 ml,Kylie Cosmetics,33041000,18
99350207591,4064941143819,KC Spl. Kiss Lip Glaze Gloss Mini Rose Bloom 003,GWP,GWP,GWP,Rose Bloom,0.6 ml,Kylie Cosmetics,33041000,18
99350234106,4064941178668,Probe KJF Cosmic Intense Sample,GWP,GWP,GWP,,1.2 ml,Kylie Cosmetics,33030010,18
99350216854,4064941155980,Tinted Butter Balm - Honey,Lips,Lip Balm,Tinted Butter Balm,Honey,2.4 gm,Kylie Cosmetics,33049950,18
99350216855,4064941155997,Tinted Butter Balm - Spiced,Lips,Lip Balm,Tinted Butter Balm,Spiced,2.4 gm,Kylie Cosmetics,33049950,18
ABHBR-BOX,ABHBR-BOX,ABH BRIDAL BOX PINK,GWP,GWP,GWP,Pink,1 N,Anastasia Beverly hills,33049950,18
ABHPR-BOX,ABHPR-BOX,ABH Impeccable PR Box 2X1,GWP,GWP,GWP,,1 N,Anastasia Beverly hills,33049950,18
ABHPR2-BOX,ABHPR2-BOX,ABH IMPECCABLE PR BOX  4X1,GWP,GWP,GWP,,1 N,Anastasia Beverly hills,33049950,18
KCA02-BOX,KCA02-BOX,KC Anniversary Box without Cavity,GWP,GWP,GWP,,1 N,Kylie Cosmetics,33049950,18
KCA03-BOX,KCA03-BOX,Kylie Box,GWP,GWP,GWP,Pink,1 N,Kylie Cosmetics,33049950,18
ABH02-POU25,ABH02-POU25,ABH Pouch 25th (CM/LG/BW),GWP,GWP,GWP,,1 N,Anastasia Beverly hills,33049950,18
KCA04-BOX,KCA04-BOX,Kylie Box,GWP,GWP,GWP,Pink,1 N,Kylie Cosmetics,33049950,18
KC-CARRYBAG-2,KC-CARRYBAG-2,Kylie Cosmic 2.0 Carry Bag,GWP,GWP,GWP,,1 N,Kylie Cosmetics,33049950,18
HOB_DBOX,HOB_DBOX,HOB-Diwali Box,GWP,GWP,GWP,,1 N,Anastasia Beverly hills,33049950,18
